best_residual,bezout,case,degree,duplicates,engine,extract_seconds,failures,json,median_residual,n,requested_count,requested_roots,returncode,seed_index,stderr_tail,stdout_tail,success,total_seconds,trials_used,unique_roots,wall_seconds,worst_residual
1.3472327678558681e-13,4,"2,2",2,3,201,0.02652287483215332,0,/Users/ivanbesevic/Documents/poussiere/benchmarks/201_vs_300_complete/201_ks2x2_seed0.json,3.478942424410843e-12,2,4,4,0,0,,"========================================================================================================================
201 autonomous LOG-STABLE OPTIMAL-PROBE TENSOR-HALLEY NumPy Pandrosion
No dependency on previous Python scripts; 118/120/200 backbone + logarithmic stability + optimal-probe energy + tensorial gated finite-slope Halley; no Newton/Jacobian fallback path.
========================================================================================================================
case=ks(2,2), seed=125315038, terms=12, Bezout=4
roots=4/4 success=True trials=7 duplicates=3 failures=0
seconds: generation=0.01, extract=0.03, total=0.04
best_root: residual=5.170e-10, trial=0, Lambda=1.2339460808244847e-06, theta=0.0, startopt_ratio=0.9999999865744338
out=/Users/ivanbesevic/Documents/poussiere/benchmarks/201_vs_300_complete/201_ks2x2_seed0.json
",True,0.03541207313537598,7,4,0.09638309478759766,5.169912724924825e-10
3.955339950528449e-15,4,"2,2",2,3,300,0.0343317985534668,0,/Users/ivanbesevic/Documents/poussiere/benchmarks/201_vs_300_complete/300_ks2x2_seed0.json,1.3767110044153404e-09,2,4,4,0,0,,"========================================================================================================================
300 autonomous ATLAS-GEODESIC INVERSE-JET NumPy Pandrosion
No dependency on previous Python scripts; 118/120/200 backbone + logarithmic stability + optimal-probe energy + tensorial gated finite-slope Halley; no Newton/Jacobian fallback path.
========================================================================================================================
case=ks(2,2), seed=125315038, terms=12, Bezout=4
roots=4/4 success=True trials=7 duplicates=3 failures=0
seconds: generation=0.01, extract=0.03, total=0.04
best_root: residual=2.906e-09, trial=0, Lambda=1.2339460808244847e-06, theta=0.0, startopt_ratio=0.9999999865744338
out=/Users/ivanbesevic/Documents/poussiere/benchmarks/201_vs_300_complete/300_ks2x2_seed0.json
",True,0.0430757999420166,7,4,0.09742593765258789,2.906378732575794e-09
5.155369359468229e-16,4,"2,2",2,3,201,0.022675037384033203,0,/Users/ivanbesevic/Documents/poussiere/benchmarks/201_vs_300_complete/201_ks2x2_seed1.json,7.11392364266206e-14,2,4,4,0,1,,"========================================================================================================================
201 autonomous LOG-STABLE OPTIMAL-PROBE TENSOR-HALLEY NumPy Pandrosion
No dependency on previous Python scripts; 118/120/200 backbone + logarithmic stability + optimal-probe energy + tensorial gated finite-slope Halley; no Newton/Jacobian fallback path.
========================================================================================================================
case=ks(2,2), seed=1102160111, terms=12, Bezout=4
roots=4/4 success=True trials=7 duplicates=3 failures=0
seconds: generation=0.01, extract=0.02, total=0.03
best_root: residual=2.157e-10, trial=2, Lambda=1048576.0, theta=164.0, startopt_ratio=0.007225009081018349
out=/Users/ivanbesevic/Documents/poussiere/benchmarks/201_vs_300_complete/201_ks2x2_seed1.json
",True,0.03093099594116211,7,4,0.08379197120666504,2.15650841840864e-10
3.787898901196402e-16,4,"2,2",2,3,300,0.031848907470703125,0,/Users/ivanbesevic/Documents/poussiere/benchmarks/201_vs_300_complete/300_ks2x2_seed1.json,7.002798094399643e-11,2,4,4,0,1,,"========================================================================================================================
300 autonomous ATLAS-GEODESIC INVERSE-JET NumPy Pandrosion
No dependency on previous Python scripts; 118/120/200 backbone + logarithmic stability + optimal-probe energy + tensorial gated finite-slope Halley; no Newton/Jacobian fallback path.
========================================================================================================================
case=ks(2,2), seed=1102160111, terms=12, Bezout=4
roots=4/4 success=True trials=7 duplicates=3 failures=0
seconds: generation=0.01, extract=0.03, total=0.04
best_root: residual=3.788e-16, trial=2, Lambda=1048576.0, theta=164.0, startopt_ratio=0.007225009081018349
out=/Users/ivanbesevic/Documents/poussiere/benchmarks/201_vs_300_complete/300_ks2x2_seed1.json
",True,0.040019989013671875,7,4,0.09246087074279785,7.005316912609489e-09
3.927683650008203e-16,4,"2,2",2,4,201,0.03188729286193848,2,/Users/ivanbesevic/Documents/poussiere/benchmarks/201_vs_300_complete/201_ks2x2_seed2.json,1.3746771448506478e-13,2,4,4,0,2,,"========================================================================================================================
201 autonomous LOG-STABLE OPTIMAL-PROBE TENSOR-HALLEY NumPy Pandrosion
No dependency on previous Python scripts; 118/120/200 backbone + logarithmic stability + optimal-probe energy + tensorial gated finite-slope Halley; no Newton/Jacobian fallback path.
========================================================================================================================
case=ks(2,2), seed=1416315366, terms=12, Bezout=4
roots=4/4 success=True trials=10 duplicates=4 failures=2
seconds: generation=0.01, extract=0.03, total=0.04
best_root: residual=1.375e-13, trial=9, Lambda=1048576.0, theta=24.000000000000004, startopt_ratio=0.001224992337621971
out=/Users/ivanbesevic/Documents/poussiere/benchmarks/201_vs_300_complete/201_ks2x2_seed2.json
",True,0.0401921272277832,10,4,0.09351825714111328,7.141009937724729e-11
9.42055475210265e-16,4,"2,2",2,4,300,0.04092097282409668,2,/Users/ivanbesevic/Documents/poussiere/benchmarks/201_vs_300_complete/300_ks2x2_seed2.json,1.5220441239056762e-14,2,4,4,0,2,,"========================================================================================================================
300 autonomous ATLAS-GEODESIC INVERSE-JET NumPy Pandrosion
No dependency on previous Python scripts; 118/120/200 backbone + logarithmic stability + optimal-probe energy + tensorial gated finite-slope Halley; no Newton/Jacobian fallback path.
========================================================================================================================
case=ks(2,2), seed=1416315366, terms=12, Bezout=4
roots=4/4 success=True trials=10 duplicates=4 failures=2
seconds: generation=0.01, extract=0.04, total=0.05
best_root: residual=9.421e-16, trial=9, Lambda=1048576.0, theta=24.000000000000004, startopt_ratio=0.001224992337621971
out=/Users/ivanbesevic/Documents/poussiere/benchmarks/201_vs_300_complete/300_ks2x2_seed2.json
",True,0.049462080001831055,10,4,0.1043403148651123,4.775792176388215e-10
2.8576114088871287e-16,4,"2,2",2,11,201,0.053864240646362305,3,/Users/ivanbesevic/Documents/poussiere/benchmarks/201_vs_300_complete/201_ks2x2_seed3.json,4.967007407645019e-16,2,4,4,0,3,,"========================================================================================================================
201 autonomous LOG-STABLE OPTIMAL-PROBE TENSOR-HALLEY NumPy Pandrosion
No dependency on previous Python scripts; 118/120/200 backbone + logarithmic stability + optimal-probe energy + tensorial gated finite-slope Halley; no Newton/Jacobian fallback path.
========================================================================================================================
case=ks(2,2), seed=1103600935, terms=12, Bezout=4
roots=4/4 success=True trials=18 duplicates=11 failures=3
seconds: generation=0.01, extract=0.05, total=0.06
best_root: residual=2.858e-16, trial=7, Lambda=488957.28170624166, theta=18.0, startopt_ratio=0.3364000542187284
out=/Users/ivanbesevic/Documents/poussiere/benchmarks/201_vs_300_complete/201_ks2x2_seed3.json
",True,0.06243109703063965,18,4,0.11474108695983887,3.1313406925571506e-15
5.367672863358296e-16,4,"2,2",2,11,300,0.0728759765625,3,/Users/ivanbesevic/Documents/poussiere/benchmarks/201_vs_300_complete/300_ks2x2_seed3.json,5.450640484503822e-10,2,4,4,0,3,,"========================================================================================================================
300 autonomous ATLAS-GEODESIC INVERSE-JET NumPy Pandrosion
No dependency on previous Python scripts; 118/120/200 backbone + logarithmic stability + optimal-probe energy + tensorial gated finite-slope Halley; no Newton/Jacobian fallback path.
========================================================================================================================
case=ks(2,2), seed=1103600935, terms=12, Bezout=4
roots=4/4 success=True trials=18 duplicates=11 failures=3
seconds: generation=0.01, extract=0.07, total=0.08
best_root: residual=5.368e-16, trial=7, Lambda=488957.28170624166, theta=18.0, startopt_ratio=0.3364000542187284
out=/Users/ivanbesevic/Documents/poussiere/benchmarks/201_vs_300_complete/300_ks2x2_seed3.json
",True,0.08115506172180176,18,4,0.13367986679077148,3.6705151240363143e-09
1.6476622377199301e-15,4,"2,2",2,7,201,0.037825822830200195,2,/Users/ivanbesevic/Documents/poussiere/benchmarks/201_vs_300_complete/201_ks2x2_seed4.json,1.798634820682585e-13,2,4,4,0,4,,"========================================================================================================================
201 autonomous LOG-STABLE OPTIMAL-PROBE TENSOR-HALLEY NumPy Pandrosion
No dependency on previous Python scripts; 118/120/200 backbone + logarithmic stability + optimal-probe energy + tensorial gated finite-slope Halley; no Newton/Jacobian fallback path.
========================================================================================================================
case=ks(2,2), seed=809515332, terms=12, Bezout=4
roots=4/4 success=True trials=13 duplicates=7 failures=2
seconds: generation=0.01, extract=0.04, total=0.05
best_root: residual=1.799e-13, trial=0, Lambda=1.2339460808244847e-06, theta=0.0, startopt_ratio=0.999999991585299
out=/Users/ivanbesevic/Documents/poussiere/benchmarks/201_vs_300_complete/201_ks2x2_seed4.json
",True,0.046037912368774414,13,4,0.09923791885375977,2.2190948521745726e-09
6.119333386465384e-15,4,"2,2",2,7,300,0.05091714859008789,2,/Users/ivanbesevic/Documents/poussiere/benchmarks/201_vs_300_complete/300_ks2x2_seed4.json,1.2314337993885325e-09,2,4,4,0,4,,"========================================================================================================================
300 autonomous ATLAS-GEODESIC INVERSE-JET NumPy Pandrosion
No dependency on previous Python scripts; 118/120/200 backbone + logarithmic stability + optimal-probe energy + tensorial gated finite-slope Halley; no Newton/Jacobian fallback path.
========================================================================================================================
case=ks(2,2), seed=809515332, terms=12, Bezout=4
roots=4/4 success=True trials=13 duplicates=7 failures=2
seconds: generation=0.01, extract=0.05, total=0.06
best_root: residual=8.425e-09, trial=0, Lambda=1.2339460808244847e-06, theta=0.0, startopt_ratio=0.999999991585299
out=/Users/ivanbesevic/Documents/poussiere/benchmarks/201_vs_300_complete/300_ks2x2_seed4.json
",True,0.05939507484436035,13,4,0.11257410049438477,8.424878441119931e-09
3.6624741468941755e-15,9,"2,3",3,95,201,0.3878958225250244,5,/Users/ivanbesevic/Documents/poussiere/benchmarks/201_vs_300_complete/201_ks2x3_seed0.json,2.6059968190221707e-12,2,9,9,0,0,,"========================================================================================================================
201 autonomous LOG-STABLE OPTIMAL-PROBE TENSOR-HALLEY NumPy Pandrosion
No dependency on previous Python scripts; 118/120/200 backbone + logarithmic stability + optimal-probe energy + tensorial gated finite-slope Halley; no Newton/Jacobian fallback path.
========================================================================================================================
case=ks(2,3), seed=1758292748, terms=20, Bezout=9
roots=9/9 success=True trials=109 duplicates=95 failures=5
seconds: generation=0.01, extract=0.39, total=0.40
best_root: residual=2.606e-12, trial=5, Lambda=307241.8482784513, theta=108.0, startopt_ratio=0.01968298669494411
out=/Users/ivanbesevic/Documents/poussiere/benchmarks/201_vs_300_complete/201_ks2x3_seed0.json
",True,0.3962368965148926,109,9,0.45246410369873047,6.330169684615451e-09
1.4217791915866692e-15,9,"2,3",3,207,300,1.1039268970489502,4,/Users/ivanbesevic/Documents/poussiere/benchmarks/201_vs_300_complete/300_ks2x3_seed0.json,1.3138423284949008e-12,2,9,9,0,0,,"========================================================================================================================
300 autonomous ATLAS-GEODESIC INVERSE-JET NumPy Pandrosion
No dependency on previous Python scripts; 118/120/200 backbone + logarithmic stability + optimal-probe energy + tensorial gated finite-slope Halley; no Newton/Jacobian fallback path.
========================================================================================================================
case=ks(2,3), seed=1758292748, terms=20, Bezout=9
roots=9/9 success=True trials=220 duplicates=207 failures=4
seconds: generation=0.01, extract=1.10, total=1.11
best_root: residual=1.422e-15, trial=5, Lambda=307241.8482784513, theta=108.0, startopt_ratio=0.01968298669494411
out=/Users/ivanbesevic/Documents/poussiere/benchmarks/201_vs_300_complete/300_ks2x3_seed0.json
",True,1.1123530864715576,220,9,1.1680257320404053,2.2145713219569722e-09
4.373154964984119e-16,9,"2,3",3,78,201,0.32428407669067383,2,/Users/ivanbesevic/Documents/poussiere/benchmarks/201_vs_300_complete/201_ks2x3_seed1.json,2.060771555637337e-12,2,9,9,0,1,,"========================================================================================================================
201 autonomous LOG-STABLE OPTIMAL-PROBE TENSOR-HALLEY NumPy Pandrosion
No dependency on previous Python scripts; 118/120/200 backbone + logarithmic stability + optimal-probe energy + tensorial gated finite-slope Halley; no Newton/Jacobian fallback path.
========================================================================================================================
case=ks(2,3), seed=788669912, terms=20, Bezout=9
roots=9/9 success=True trials=89 duplicates=78 failures=2
seconds: generation=0.01, extract=0.32, total=0.33
best_root: residual=1.008e-09, trial=14, Lambda=6659.569431669384, theta=172.0, startopt_ratio=3.326225767785401e-05
out=/Users/ivanbesevic/Documents/poussiere/benchmarks/201_vs_300_complete/201_ks2x3_seed1.json
",True,0.33269500732421875,89,9,0.38935112953186035,1.806522795696952e-09
1.647720681002301e-15,9,"2,3",3,83,300,0.4450340270996094,0,/Users/ivanbesevic/Documents/poussiere/benchmarks/201_vs_300_complete/300_ks2x3_seed1.json,3.8342067420344994e-13,2,9,9,0,1,,"========================================================================================================================
300 autonomous ATLAS-GEODESIC INVERSE-JET NumPy Pandrosion
No dependency on previous Python scripts; 118/120/200 backbone + logarithmic stability + optimal-probe energy + tensorial gated finite-slope Halley; no Newton/Jacobian fallback path.
========================================================================================================================
case=ks(2,3), seed=788669912, terms=20, Bezout=9
roots=9/9 success=True trials=92 duplicates=83 failures=0
seconds: generation=0.01, extract=0.45, total=0.45
best_root: residual=6.296e-15, trial=14, Lambda=6659.569431669384, theta=172.0, startopt_ratio=3.326225767785401e-05
out=/Users/ivanbesevic/Documents/poussiere/benchmarks/201_vs_300_complete/300_ks2x3_seed1.json
",True,0.45368409156799316,92,9,0.5103759765625,3.1347691273630687e-10
4.652682298944613e-16,9,"2,3",3,34,201,0.20738601684570312,2,/Users/ivanbesevic/Documents/poussiere/benchmarks/201_vs_300_complete/201_ks2x3_seed2.json,2.0356552994310694e-14,2,9,9,0,2,,"========================================================================================================================
201 autonomous LOG-STABLE OPTIMAL-PROBE TENSOR-HALLEY NumPy Pandrosion
No dependency on previous Python scripts; 118/120/200 backbone + logarithmic stability + optimal-probe energy + tensorial gated finite-slope Halley; no Newton/Jacobian fallback path.
========================================================================================================================
case=ks(2,3), seed=2049645671, terms=20, Bezout=9
roots=9/9 success=True trials=45 duplicates=34 failures=2
seconds: generation=0.01, extract=0.21, total=0.22
best_root: residual=3.384e-15, trial=3, Lambda=475528.4351483534, theta=128.0, startopt_ratio=0.001728001819483042
out=/Users/ivanbesevic/Documents/poussiere/benchmarks/201_vs_300_complete/201_ks2x3_seed2.json
",True,0.21616697311401367,45,9,0.27191710472106934,9.194560495480847e-09
5.551115123125783e-16,9,"2,3",3,188,300,1.0503830909729004,8,/Users/ivanbesevic/Documents/poussiere/benchmarks/201_vs_300_complete/300_ks2x3_seed2.json,2.566959944169121e-12,2,9,9,0,2,,"========================================================================================================================
300 autonomous ATLAS-GEODESIC INVERSE-JET NumPy Pandrosion
No dependency on previous Python scripts; 118/120/200 backbone + logarithmic stability + optimal-probe energy + tensorial gated finite-slope Halley; no Newton/Jacobian fallback path.
========================================================================================================================
case=ks(2,3), seed=2049645671, terms=20, Bezout=9
roots=9/9 success=True trials=205 duplicates=188 failures=8
seconds: generation=0.01, extract=1.05, total=1.06
best_root: residual=2.368e-10, trial=3, Lambda=475528.4351483534, theta=128.0, startopt_ratio=0.001728001819483042
out=/Users/ivanbesevic/Documents/poussiere/benchmarks/201_vs_300_complete/300_ks2x3_seed2.json
",True,1.0589261054992676,205,9,1.1156458854675293,9.583318045045926e-09
9.930136612989092e-16,9,"2,3",3,41,201,0.20746588706970215,0,/Users/ivanbesevic/Documents/poussiere/benchmarks/201_vs_300_complete/201_ks2x3_seed3.json,5.579007180489124e-12,2,9,9,0,3,,"========================================================================================================================
201 autonomous LOG-STABLE OPTIMAL-PROBE TENSOR-HALLEY NumPy Pandrosion
No dependency on previous Python scripts; 118/120/200 backbone + logarithmic stability + optimal-probe energy + tensorial gated finite-slope Halley; no Newton/Jacobian fallback path.
========================================================================================================================
case=ks(2,3), seed=899627301, terms=20, Bezout=9
roots=9/9 success=True trials=50 duplicates=41 failures=0
seconds: generation=0.01, extract=0.21, total=0.22
best_root: residual=6.534e-13, trial=20, Lambda=2356.5084255409383, theta=90.0, startopt_ratio=0.0006141116761831681
out=/Users/ivanbesevic/Documents/poussiere/benchmarks/201_vs_300_complete/201_ks2x3_seed3.json
",True,0.21651411056518555,50,9,0.27545690536499023,7.054062714838539e-09
1.39663232372568e-15,9,"2,3",3,41,300,0.2671239376068115,0,/Users/ivanbesevic/Documents/poussiere/benchmarks/201_vs_300_complete/300_ks2x3_seed3.json,8.107959527954693e-13,2,9,9,0,3,,"========================================================================================================================
300 autonomous ATLAS-GEODESIC INVERSE-JET NumPy Pandrosion
No dependency on previous Python scripts; 118/120/200 backbone + logarithmic stability + optimal-probe energy + tensorial gated finite-slope Halley; no Newton/Jacobian fallback path.
========================================================================================================================
case=ks(2,3), seed=899627301, terms=20, Bezout=9
roots=9/9 success=True trials=50 duplicates=41 failures=0
seconds: generation=0.01, extract=0.27, total=0.28
best_root: residual=2.574e-09, trial=20, Lambda=2356.5084255409383, theta=90.0, startopt_ratio=0.0006141116761831681
out=/Users/ivanbesevic/Documents/poussiere/benchmarks/201_vs_300_complete/300_ks2x3_seed3.json
",True,0.2758970260620117,50,9,0.33181214332580566,2.5740122236269288e-09
4.3199839306544087e-16,9,"2,3",3,158,201,0.5976581573486328,7,/Users/ivanbesevic/Documents/poussiere/benchmarks/201_vs_300_complete/201_ks2x3_seed4.json,8.331852114593072e-15,2,9,9,0,4,,"========================================================================================================================
201 autonomous LOG-STABLE OPTIMAL-PROBE TENSOR-HALLEY NumPy Pandrosion
No dependency on previous Python scripts; 118/120/200 backbone + logarithmic stability + optimal-probe energy + tensorial gated finite-slope Halley; no Newton/Jacobian fallback path.
========================================================================================================================
case=ks(2,3), seed=163523047, terms=20, Bezout=9
roots=9/9 success=True trials=174 duplicates=158 failures=7
seconds: generation=0.01, extract=0.60, total=0.61
best_root: residual=2.423e-14, trial=4, Lambda=1048576.0, theta=140.0, startopt_ratio=0.0058319821747637
out=/Users/ivanbesevic/Documents/poussiere/benchmarks/201_vs_300_complete/201_ks2x3_seed4.json
",True,0.6067378520965576,174,9,0.663301944732666,1.2794711131979068e-09
3.04126265848902e-16,9,"2,3",3,54,300,0.3166680335998535,2,/Users/ivanbesevic/Documents/poussiere/benchmarks/201_vs_300_complete/300_ks2x3_seed4.json,5.198986064684429e-14,2,9,9,0,4,,"========================================================================================================================
300 autonomous ATLAS-GEODESIC INVERSE-JET NumPy Pandrosion
No dependency on previous Python scripts; 118/120/200 backbone + logarithmic stability + optimal-probe energy + tensorial gated finite-slope Halley; no Newton/Jacobian fallback path.
========================================================================================================================
case=ks(2,3), seed=163523047, terms=20, Bezout=9
roots=9/9 success=True trials=65 duplicates=54 failures=2
seconds: generation=0.01, extract=0.32, total=0.33
best_root: residual=5.960e-15, trial=4, Lambda=1048576.0, theta=140.0, startopt_ratio=0.0058319821747637
out=/Users/ivanbesevic/Documents/poussiere/benchmarks/201_vs_300_complete/300_ks2x3_seed4.json
",True,0.3251001834869385,65,9,0.38547611236572266,8.544061394697961e-09
7.676812899781355e-16,16,"2,4",4,35,201,0.24896812438964844,1,/Users/ivanbesevic/Documents/poussiere/benchmarks/201_vs_300_complete/201_ks2x4_seed0.json,9.644816117669725e-14,2,12,12,0,0,,"========================================================================================================================
201 autonomous LOG-STABLE OPTIMAL-PROBE TENSOR-HALLEY NumPy Pandrosion
No dependency on previous Python scripts; 118/120/200 backbone + logarithmic stability + optimal-probe energy + tensorial gated finite-slope Halley; no Newton/Jacobian fallback path.
========================================================================================================================
case=ks(2,4), seed=1677141180, terms=30, Bezout=16
roots=12/12 success=True trials=48 duplicates=35 failures=1
seconds: generation=0.01, extract=0.25, total=0.26
best_root: residual=5.139e-09, trial=14, Lambda=119388.72431684588, theta=18.0, startopt_ratio=1.3410313938844297e-06
out=/Users/ivanbesevic/Documents/poussiere/benchmarks/201_vs_300_complete/201_ks2x4_seed0.json
",True,0.2575211524963379,48,12,0.3136560916900635,7.1827484631638835e-09
4.089590340794787e-14,16,"2,4",4,33,300,0.2989161014556885,2,/Users/ivanbesevic/Documents/poussiere/benchmarks/201_vs_300_complete/300_ks2x4_seed0.json,2.107330713567003e-11,2,12,12,0,0,,"========================================================================================================================
300 autonomous ATLAS-GEODESIC INVERSE-JET NumPy Pandrosion
No dependency on previous Python scripts; 118/120/200 backbone + logarithmic stability + optimal-probe energy + tensorial gated finite-slope Halley; no Newton/Jacobian fallback path.
========================================================================================================================
case=ks(2,4), seed=1677141180, terms=30, Bezout=16
roots=12/12 success=True trials=47 duplicates=33 failures=2
seconds: generation=0.01, extract=0.30, total=0.31
best_root: residual=2.107e-11, trial=14, Lambda=119388.72431684588, theta=18.0, startopt_ratio=1.3410313938844297e-06
out=/Users/ivanbesevic/Documents/poussiere/benchmarks/201_vs_300_complete/300_ks2x4_seed0.json
",True,0.30789613723754883,47,12,0.3630788326263428,6.035651219322506e-09
5.828670879282072e-16,16,"2,4",4,24,201,0.19948220252990723,0,/Users/ivanbesevic/Documents/poussiere/benchmarks/201_vs_300_complete/201_ks2x4_seed1.json,2.0107815405369786e-11,2,12,12,0,1,,"========================================================================================================================
201 autonomous LOG-STABLE OPTIMAL-PROBE TENSOR-HALLEY NumPy Pandrosion
No dependency on previous Python scripts; 118/120/200 backbone + logarithmic stability + optimal-probe energy + tensorial gated finite-slope Halley; no Newton/Jacobian fallback path.
========================================================================================================================
case=ks(2,4), seed=2020015459, terms=30, Bezout=16
roots=12/12 success=True trials=36 duplicates=24 failures=0
seconds: generation=0.01, extract=0.20, total=0.21
best_root: residual=2.011e-11, trial=12, Lambda=1048576.0, theta=89.0, startopt_ratio=1.5006209218080708e-06
out=/Users/ivanbesevic/Documents/poussiere/benchmarks/201_vs_300_complete/201_ks2x4_seed1.json
",True,0.20786595344543457,36,12,0.26323890686035156,7.052302612437837e-10
1.942890293094024e-16,16,"2,4",4,24,300,0.24672794342041016,0,/Users/ivanbesevic/Documents/poussiere/benchmarks/201_vs_300_complete/300_ks2x4_seed1.json,2.9168234447737117e-13,2,12,12,0,1,,"========================================================================================================================
300 autonomous ATLAS-GEODESIC INVERSE-JET NumPy Pandrosion
No dependency on previous Python scripts; 118/120/200 backbone + logarithmic stability + optimal-probe energy + tensorial gated finite-slope Halley; no Newton/Jacobian fallback path.
========================================================================================================================
case=ks(2,4), seed=2020015459, terms=30, Bezout=16
roots=12/12 success=True trials=36 duplicates=24 failures=0
seconds: generation=0.01, extract=0.25, total=0.26
best_root: residual=1.699e-09, trial=12, Lambda=1048576.0, theta=89.0, startopt_ratio=1.5006209218080708e-06
out=/Users/ivanbesevic/Documents/poussiere/benchmarks/201_vs_300_complete/300_ks2x4_seed1.json
",True,0.2557969093322754,36,12,0.31089305877685547,3.1436918599679934e-09
6.524059525901931e-16,16,"2,4",4,62,201,0.40079689025878906,4,/Users/ivanbesevic/Documents/poussiere/benchmarks/201_vs_300_complete/201_ks2x4_seed2.json,3.5128414301565405e-11,2,12,12,0,2,,"========================================================================================================================
201 autonomous LOG-STABLE OPTIMAL-PROBE TENSOR-HALLEY NumPy Pandrosion
No dependency on previous Python scripts; 118/120/200 backbone + logarithmic stability + optimal-probe energy + tensorial gated finite-slope Halley; no Newton/Jacobian fallback path.
========================================================================================================================
case=ks(2,4), seed=1191724032, terms=30, Bezout=16
roots=12/12 success=True trials=78 duplicates=62 failures=4
seconds: generation=0.01, extract=0.40, total=0.41
best_root: residual=1.184e-10, trial=13, Lambda=1048576.0, theta=48.00000000000001, startopt_ratio=8.196590181252008e-07
out=/Users/ivanbesevic/Documents/poussiere/benchmarks/201_vs_300_complete/201_ks2x4_seed2.json
",True,0.40966796875,78,12,0.4664418697357178,4.627966915701515e-09
2.336215937464074e-16,16,"2,4",4,61,300,0.48287105560302734,2,/Users/ivanbesevic/Documents/poussiere/benchmarks/201_vs_300_complete/300_ks2x4_seed2.json,9.671081779759798e-12,2,12,12,0,2,,"========================================================================================================================
300 autonomous ATLAS-GEODESIC INVERSE-JET NumPy Pandrosion
No dependency on previous Python scripts; 118/120/200 backbone + logarithmic stability + optimal-probe energy + tensorial gated finite-slope Halley; no Newton/Jacobian fallback path.
========================================================================================================================
case=ks(2,4), seed=1191724032, terms=30, Bezout=16
roots=12/12 success=True trials=75 duplicates=61 failures=2
seconds: generation=0.01, extract=0.48, total=0.49
best_root: residual=4.613e-10, trial=11, Lambda=284581.8979669879, theta=32.0, startopt_ratio=2.5269962489196864e-06
out=/Users/ivanbesevic/Documents/poussiere/benchmarks/201_vs_300_complete/300_ks2x4_seed2.json
",True,0.49149513244628906,75,12,0.5480661392211914,6.779002129116977e-10
2.1138016631127878e-16,16,"2,4",4,21,201,0.19800114631652832,0,/Users/ivanbesevic/Documents/poussiere/benchmarks/201_vs_300_complete/201_ks2x4_seed3.json,5.516767807327926e-13,2,12,12,0,3,,"========================================================================================================================
201 autonomous LOG-STABLE OPTIMAL-PROBE TENSOR-HALLEY NumPy Pandrosion
No dependency on previous Python scripts; 118/120/200 backbone + logarithmic stability + optimal-probe energy + tensorial gated finite-slope Halley; no Newton/Jacobian fallback path.
========================================================================================================================
case=ks(2,4), seed=898234875, terms=30, Bezout=16
roots=12/12 success=True trials=33 duplicates=21 failures=0
seconds: generation=0.01, extract=0.20, total=0.21
best_root: residual=4.926e-11, trial=32, Lambda=123.75517035919833, theta=164.0, startopt_ratio=3.638070996175841e-07
out=/Users/ivanbesevic/Documents/poussiere/benchmarks/201_vs_300_complete/201_ks2x4_seed3.json
",True,0.2069261074066162,33,12,0.2621340751647949,7.903978862527227e-09
9.125634816017134e-16,16,"2,4",4,21,300,0.2545468807220459,0,/Users/ivanbesevic/Documents/poussiere/benchmarks/201_vs_300_complete/300_ks2x4_seed3.json,2.7807220800200686e-13,2,12,12,0,3,,"========================================================================================================================
300 autonomous ATLAS-GEODESIC INVERSE-JET NumPy Pandrosion
No dependency on previous Python scripts; 118/120/200 backbone + logarithmic stability + optimal-probe energy + tensorial gated finite-slope Halley; no Newton/Jacobian fallback path.
========================================================================================================================
case=ks(2,4), seed=898234875, terms=30, Bezout=16
roots=12/12 success=True trials=33 duplicates=21 failures=0
seconds: generation=0.01, extract=0.25, total=0.26
best_root: residual=7.773e-14, trial=32, Lambda=123.75517035919833, theta=164.0, startopt_ratio=3.638070996175841e-07
out=/Users/ivanbesevic/Documents/poussiere/benchmarks/201_vs_300_complete/300_ks2x4_seed3.json
",True,0.2631239891052246,33,12,0.31906580924987793,2.910392524292887e-09
4.053454519487839e-15,16,"2,4",4,18,201,0.18160414695739746,1,/Users/ivanbesevic/Documents/poussiere/benchmarks/201_vs_300_complete/201_ks2x4_seed4.json,2.4367791659792206e-12,2,12,12,0,4,,"========================================================================================================================
201 autonomous LOG-STABLE OPTIMAL-PROBE TENSOR-HALLEY NumPy Pandrosion
No dependency on previous Python scripts; 118/120/200 backbone + logarithmic stability + optimal-probe energy + tensorial gated finite-slope Halley; no Newton/Jacobian fallback path.
========================================================================================================================
case=ks(2,4), seed=1411265138, terms=30, Bezout=16
roots=12/12 success=True trials=31 duplicates=18 failures=1
seconds: generation=0.01, extract=0.18, total=0.19
best_root: residual=2.390e-14, trial=17, Lambda=1048576.0, theta=12.000000000000002, startopt_ratio=4.299277690691434e-06
out=/Users/ivanbesevic/Documents/poussiere/benchmarks/201_vs_300_complete/201_ks2x4_seed4.json
",True,0.19034123420715332,31,12,0.2460622787475586,6.245190706020408e-09
4.014976168611859e-16,16,"2,4",4,61,300,0.45362091064453125,4,/Users/ivanbesevic/Documents/poussiere/benchmarks/201_vs_300_complete/300_ks2x4_seed4.json,3.066525841576598e-12,2,12,12,0,4,,"========================================================================================================================
300 autonomous ATLAS-GEODESIC INVERSE-JET NumPy Pandrosion
No dependency on previous Python scripts; 118/120/200 backbone + logarithmic stability + optimal-probe energy + tensorial gated finite-slope Halley; no Newton/Jacobian fallback path.
========================================================================================================================
case=ks(2,4), seed=1411265138, terms=30, Bezout=16
roots=12/12 success=True trials=77 duplicates=61 failures=4
seconds: generation=0.01, extract=0.45, total=0.46
best_root: residual=7.927e-11, trial=59, Lambda=1048576.0, theta=100.0, startopt_ratio=0.005314393530029357
out=/Users/ivanbesevic/Documents/poussiere/benchmarks/201_vs_300_complete/300_ks2x4_seed4.json
",True,0.46227383613586426,77,12,0.5215649604797363,5.705609922551832e-09
4.079219866531555e-16,25,"2,5",5,34,201,0.2374711036682129,3,/Users/ivanbesevic/Documents/poussiere/benchmarks/201_vs_300_complete/201_ks2x5_seed0.json,2.2100279786712528e-13,2,12,12,0,0,,"========================================================================================================================
201 autonomous LOG-STABLE OPTIMAL-PROBE TENSOR-HALLEY NumPy Pandrosion
No dependency on previous Python scripts; 118/120/200 backbone + logarithmic stability + optimal-probe energy + tensorial gated finite-slope Halley; no Newton/Jacobian fallback path.
========================================================================================================================
case=ks(2,5), seed=692535776, terms=42, Bezout=25
roots=12/12 success=True trials=49 duplicates=34 failures=3
seconds: generation=0.01, extract=0.24, total=0.25
best_root: residual=2.035e-15, trial=22, Lambda=2661.3005420262966, theta=40.0, startopt_ratio=0.00018926869676466282
out=/Users/ivanbesevic/Documents/poussiere/benchmarks/201_vs_300_complete/201_ks2x5_seed0.json
",True,0.24604487419128418,49,12,0.30210185050964355,4.0519932075795395e-09
9.222205069512407e-16,25,"2,5",5,16,300,0.23040008544921875,3,/Users/ivanbesevic/Documents/poussiere/benchmarks/201_vs_300_complete/300_ks2x5_seed0.json,1.5172949693816564e-11,2,12,12,0,0,,"========================================================================================================================
300 autonomous ATLAS-GEODESIC INVERSE-JET NumPy Pandrosion
No dependency on previous Python scripts; 118/120/200 backbone + logarithmic stability + optimal-probe energy + tensorial gated finite-slope Halley; no Newton/Jacobian fallback path.
========================================================================================================================
case=ks(2,5), seed=692535776, terms=42, Bezout=25
roots=12/12 success=True trials=31 duplicates=16 failures=3
seconds: generation=0.01, extract=0.23, total=0.24
best_root: residual=1.281e-12, trial=2, Lambda=1048576.0, theta=128.0, startopt_ratio=4.437117687034203e-06
out=/Users/ivanbesevic/Documents/poussiere/benchmarks/201_vs_300_complete/300_ks2x5_seed0.json
",True,0.23912906646728516,31,12,0.2974059581756592,1.5677572396575397e-09
5.8575115842189e-16,25,"2,5",5,11,201,0.1635880470275879,2,/Users/ivanbesevic/Documents/poussiere/benchmarks/201_vs_300_complete/201_ks2x5_seed1.json,6.467327001770892e-13,2,12,12,0,1,,"========================================================================================================================
201 autonomous LOG-STABLE OPTIMAL-PROBE TENSOR-HALLEY NumPy Pandrosion
No dependency on previous Python scripts; 118/120/200 backbone + logarithmic stability + optimal-probe energy + tensorial gated finite-slope Halley; no Newton/Jacobian fallback path.
========================================================================================================================
case=ks(2,5), seed=709653174, terms=42, Bezout=25
roots=12/12 success=True trials=25 duplicates=11 failures=2
seconds: generation=0.01, extract=0.16, total=0.17
best_root: residual=5.858e-16, trial=12, Lambda=299249.7974070448, theta=40.0, startopt_ratio=5.252140960394311e-08
out=/Users/ivanbesevic/Documents/poussiere/benchmarks/201_vs_300_complete/201_ks2x5_seed1.json
",True,0.17209386825561523,25,12,0.22699308395385742,4.981086770523086e-10
1.6028131487732082e-15,25,"2,5",5,15,300,0.23186612129211426,2,/Users/ivanbesevic/Documents/poussiere/benchmarks/201_vs_300_complete/300_ks2x5_seed1.json,4.685803600583059e-13,2,12,12,0,1,,"========================================================================================================================
300 autonomous ATLAS-GEODESIC INVERSE-JET NumPy Pandrosion
No dependency on previous Python scripts; 118/120/200 backbone + logarithmic stability + optimal-probe energy + tensorial gated finite-slope Halley; no Newton/Jacobian fallback path.
========================================================================================================================
case=ks(2,5), seed=709653174, terms=42, Bezout=25
roots=12/12 success=True trials=29 duplicates=15 failures=2
seconds: generation=0.01, extract=0.23, total=0.24
best_root: residual=1.603e-15, trial=5, Lambda=288438.4756065873, theta=108.0, startopt_ratio=0.0014348929761212798
out=/Users/ivanbesevic/Documents/poussiere/benchmarks/201_vs_300_complete/300_ks2x5_seed1.json
",True,0.2402811050415039,29,12,0.29532384872436523,9.858548687878554e-09
7.021666937153402e-16,25,"2,5",5,23,201,0.1882171630859375,1,/Users/ivanbesevic/Documents/poussiere/benchmarks/201_vs_300_complete/201_ks2x5_seed2.json,8.097180079799249e-14,2,12,12,0,2,,"========================================================================================================================
201 autonomous LOG-STABLE OPTIMAL-PROBE TENSOR-HALLEY NumPy Pandrosion
No dependency on previous Python scripts; 118/120/200 backbone + logarithmic stability + optimal-probe energy + tensorial gated finite-slope Halley; no Newton/Jacobian fallback path.
========================================================================================================================
case=ks(2,5), seed=2106661684, terms=42, Bezout=25
roots=12/12 success=True trials=36 duplicates=23 failures=1
seconds: generation=0.01, extract=0.19, total=0.20
best_root: residual=6.621e-15, trial=11, Lambda=542401.1946679661, theta=86.0, startopt_ratio=1.567185498676748e-07
out=/Users/ivanbesevic/Documents/poussiere/benchmarks/201_vs_300_complete/201_ks2x5_seed2.json
",True,0.19690203666687012,36,12,0.25223302841186523,2.845281464986662e-09
4.050792900924367e-16,25,"2,5",5,23,300,0.24209308624267578,1,/Users/ivanbesevic/Documents/poussiere/benchmarks/201_vs_300_complete/300_ks2x5_seed2.json,7.955008883113855e-11,2,12,12,0,2,,"========================================================================================================================
300 autonomous ATLAS-GEODESIC INVERSE-JET NumPy Pandrosion
No dependency on previous Python scripts; 118/120/200 backbone + logarithmic stability + optimal-probe energy + tensorial gated finite-slope Halley; no Newton/Jacobian fallback path.
========================================================================================================================
case=ks(2,5), seed=2106661684, terms=42, Bezout=25
roots=12/12 success=True trials=36 duplicates=23 failures=1
seconds: generation=0.01, extract=0.24, total=0.25
best_root: residual=4.638e-13, trial=11, Lambda=542401.1946679661, theta=86.0, startopt_ratio=1.567185498676748e-07
out=/Users/ivanbesevic/Documents/poussiere/benchmarks/201_vs_300_complete/300_ks2x5_seed2.json
",True,0.2504868507385254,36,12,0.3055248260498047,3.00199986297974e-09
6.080941944488118e-16,25,"2,5",5,21,201,0.23703408241271973,1,/Users/ivanbesevic/Documents/poussiere/benchmarks/201_vs_300_complete/201_ks2x5_seed3.json,3.308130805622053e-12,2,12,12,0,3,,"========================================================================================================================
201 autonomous LOG-STABLE OPTIMAL-PROBE TENSOR-HALLEY NumPy Pandrosion
No dependency on previous Python scripts; 118/120/200 backbone + logarithmic stability + optimal-probe energy + tensorial gated finite-slope Halley; no Newton/Jacobian fallback path.
========================================================================================================================
case=ks(2,5), seed=1034375148, terms=42, Bezout=25
roots=12/12 success=True trials=34 duplicates=21 failures=1
seconds: generation=0.01, extract=0.24, total=0.25
best_root: residual=3.308e-12, trial=15, Lambda=1048576.0, theta=6.000000000000001, startopt_ratio=5.2524452660897007e-08
out=/Users/ivanbesevic/Documents/poussiere/benchmarks/201_vs_300_complete/201_ks2x5_seed3.json
",True,0.24558401107788086,34,12,0.3000450134277344,8.773819320360743e-10
6.555011376345987e-16,25,"2,5",5,21,300,0.2940249443054199,1,/Users/ivanbesevic/Documents/poussiere/benchmarks/201_vs_300_complete/300_ks2x5_seed3.json,8.155173576144203e-12,2,12,12,0,3,,"========================================================================================================================
300 autonomous ATLAS-GEODESIC INVERSE-JET NumPy Pandrosion
No dependency on previous Python scripts; 118/120/200 backbone + logarithmic stability + optimal-probe energy + tensorial gated finite-slope Halley; no Newton/Jacobian fallback path.
========================================================================================================================
case=ks(2,5), seed=1034375148, terms=42, Bezout=25
roots=12/12 success=True trials=34 duplicates=21 failures=1
seconds: generation=0.01, extract=0.29, total=0.30
best_root: residual=6.555e-16, trial=15, Lambda=1048576.0, theta=6.000000000000001, startopt_ratio=5.2524452660897007e-08
out=/Users/ivanbesevic/Documents/poussiere/benchmarks/201_vs_300_complete/300_ks2x5_seed3.json
",True,0.3025531768798828,34,12,0.3589351177215576,2.922858625735154e-09
8.101585801848734e-16,25,"2,5",5,13,201,0.17079496383666992,1,/Users/ivanbesevic/Documents/poussiere/benchmarks/201_vs_300_complete/201_ks2x5_seed4.json,1.5688358818848954e-14,2,12,12,0,4,,"========================================================================================================================
201 autonomous LOG-STABLE OPTIMAL-PROBE TENSOR-HALLEY NumPy Pandrosion
No dependency on previous Python scripts; 118/120/200 backbone + logarithmic stability + optimal-probe energy + tensorial gated finite-slope Halley; no Newton/Jacobian fallback path.
========================================================================================================================
case=ks(2,5), seed=1889539744, terms=42, Bezout=25
roots=12/12 success=True trials=26 duplicates=13 failures=1
seconds: generation=0.01, extract=0.17, total=0.18
best_root: residual=4.330e-15, trial=25, Lambda=657992.5182321108, theta=94.0, startopt_ratio=0.06563557299036117
out=/Users/ivanbesevic/Documents/poussiere/benchmarks/201_vs_300_complete/201_ks2x5_seed4.json
",True,0.17934679985046387,26,12,0.23293590545654297,5.4868094079964233e-11
1.8261818889970782e-15,25,"2,5",5,13,300,0.22882819175720215,3,/Users/ivanbesevic/Documents/poussiere/benchmarks/201_vs_300_complete/300_ks2x5_seed4.json,1.2351866180200074e-12,2,12,12,0,4,,"========================================================================================================================
300 autonomous ATLAS-GEODESIC INVERSE-JET NumPy Pandrosion
No dependency on previous Python scripts; 118/120/200 backbone + logarithmic stability + optimal-probe energy + tensorial gated finite-slope Halley; no Newton/Jacobian fallback path.
========================================================================================================================
case=ks(2,5), seed=1889539744, terms=42, Bezout=25
roots=12/12 success=True trials=28 duplicates=13 failures=3
seconds: generation=0.01, extract=0.23, total=0.24
best_root: residual=4.327e-12, trial=0, Lambda=1.2339460808244847e-06, theta=0.0, startopt_ratio=0.9999999918785578
out=/Users/ivanbesevic/Documents/poussiere/benchmarks/201_vs_300_complete/300_ks2x5_seed4.json
",True,0.23729610443115234,28,12,0.29313087463378906,4.769228267803006e-09
1.0175362097255202e-15,8,"3,2",2,32,201,0.14165568351745605,2,/Users/ivanbesevic/Documents/poussiere/benchmarks/201_vs_300_complete/201_ks3x2_seed0.json,5.5529910830537324e-14,3,8,8,0,0,,"========================================================================================================================
201 autonomous LOG-STABLE OPTIMAL-PROBE TENSOR-HALLEY NumPy Pandrosion
No dependency on previous Python scripts; 118/120/200 backbone + logarithmic stability + optimal-probe energy + tensorial gated finite-slope Halley; no Newton/Jacobian fallback path.
========================================================================================================================
case=ks(3,2), seed=853857574, terms=30, Bezout=8
roots=8/8 success=True trials=42 duplicates=32 failures=2
seconds: generation=0.01, extract=0.14, total=0.15
best_root: residual=5.553e-14, trial=41, Lambda=254323.29345096898, theta=172.0, startopt_ratio=0.07290007148699604
out=/Users/ivanbesevic/Documents/poussiere/benchmarks/201_vs_300_complete/201_ks3x2_seed0.json
",True,0.15015387535095215,42,8,0.2051219940185547,8.669041167043177e-09
4.769700983088376e-16,8,"3,2",2,193,300,0.897737979888916,30,/Users/ivanbesevic/Documents/poussiere/benchmarks/201_vs_300_complete/300_ks3x2_seed0.json,1.925547513424054e-12,3,8,8,0,0,,"========================================================================================================================
300 autonomous ATLAS-GEODESIC INVERSE-JET NumPy Pandrosion
No dependency on previous Python scripts; 118/120/200 backbone + logarithmic stability + optimal-probe energy + tensorial gated finite-slope Halley; no Newton/Jacobian fallback path.
========================================================================================================================
case=ks(3,2), seed=853857574, terms=30, Bezout=8
roots=8/8 success=True trials=231 duplicates=193 failures=30
seconds: generation=0.01, extract=0.90, total=0.91
best_root: residual=7.053e-10, trial=31, Lambda=1048576.0, theta=90.0, startopt_ratio=0.00014520237855655013
out=/Users/ivanbesevic/Documents/poussiere/benchmarks/201_vs_300_complete/300_ks3x2_seed0.json
",True,0.906160831451416,231,8,0.9641671180725098,7.052653108427805e-10
8.733087987518192e-16,8,"3,2",2,32,201,0.15493106842041016,7,/Users/ivanbesevic/Documents/poussiere/benchmarks/201_vs_300_complete/201_ks3x2_seed1.json,5.507909632981803e-13,3,8,8,0,1,,"========================================================================================================================
201 autonomous LOG-STABLE OPTIMAL-PROBE TENSOR-HALLEY NumPy Pandrosion
No dependency on previous Python scripts; 118/120/200 backbone + logarithmic stability + optimal-probe energy + tensorial gated finite-slope Halley; no Newton/Jacobian fallback path.
========================================================================================================================
case=ks(3,2), seed=2094235828, terms=30, Bezout=8
roots=8/8 success=True trials=47 duplicates=32 failures=7
seconds: generation=0.01, extract=0.15, total=0.16
best_root: residual=2.149e-09, trial=11, Lambda=3268.3057860867248, theta=100.0, startopt_ratio=0.0009747819558279449
out=/Users/ivanbesevic/Documents/poussiere/benchmarks/201_vs_300_complete/201_ks3x2_seed1.json
",True,0.1636500358581543,47,8,0.2190258502960205,2.1493043733169424e-09
1.678466658188255e-15,8,"3,2",2,26,300,0.1797950267791748,7,/Users/ivanbesevic/Documents/poussiere/benchmarks/201_vs_300_complete/300_ks3x2_seed1.json,6.072073721246263e-13,3,8,8,0,1,,"========================================================================================================================
300 autonomous ATLAS-GEODESIC INVERSE-JET NumPy Pandrosion
No dependency on previous Python scripts; 118/120/200 backbone + logarithmic stability + optimal-probe energy + tensorial gated finite-slope Halley; no Newton/Jacobian fallback path.
========================================================================================================================
case=ks(3,2), seed=2094235828, terms=30, Bezout=8
roots=8/8 success=True trials=41 duplicates=26 failures=7
seconds: generation=0.01, extract=0.18, total=0.19
best_root: residual=1.678e-15, trial=11, Lambda=3268.3057860867248, theta=100.0, startopt_ratio=0.0009747819558279449
out=/Users/ivanbesevic/Documents/poussiere/benchmarks/201_vs_300_complete/300_ks3x2_seed1.json
",True,0.1886458396911621,41,8,0.24379396438598633,6.0797960036565345e-09
4.685680459230494e-16,8,"3,2",2,72,201,0.2815401554107666,7,/Users/ivanbesevic/Documents/poussiere/benchmarks/201_vs_300_complete/201_ks3x2_seed2.json,5.0705642683725435e-12,3,8,8,0,2,,"========================================================================================================================
201 autonomous LOG-STABLE OPTIMAL-PROBE TENSOR-HALLEY NumPy Pandrosion
No dependency on previous Python scripts; 118/120/200 backbone + logarithmic stability + optimal-probe energy + tensorial gated finite-slope Halley; no Newton/Jacobian fallback path.
========================================================================================================================
case=ks(3,2), seed=342645357, terms=30, Bezout=8
roots=8/8 success=True trials=87 duplicates=72 failures=7
seconds: generation=0.01, extract=0.28, total=0.29
best_root: residual=1.609e-11, trial=50, Lambda=1.9755959961086431, theta=86.0, startopt_ratio=0.002462642276155122
out=/Users/ivanbesevic/Documents/poussiere/benchmarks/201_vs_300_complete/201_ks3x2_seed2.json
",True,0.29010915756225586,87,8,0.3468961715698242,4.678493683494704e-09
4.509747244882934e-16,8,"3,2",2,218,300,1.019218921661377,16,/Users/ivanbesevic/Documents/poussiere/benchmarks/201_vs_300_complete/300_ks3x2_seed2.json,3.188549806168767e-10,3,8,8,0,2,,"========================================================================================================================
300 autonomous ATLAS-GEODESIC INVERSE-JET NumPy Pandrosion
No dependency on previous Python scripts; 118/120/200 backbone + logarithmic stability + optimal-probe energy + tensorial gated finite-slope Halley; no Newton/Jacobian fallback path.
========================================================================================================================
case=ks(3,2), seed=342645357, terms=30, Bezout=8
roots=8/8 success=True trials=242 duplicates=218 failures=16
seconds: generation=0.01, extract=1.02, total=1.03
best_root: residual=8.517e-09, trial=7, Lambda=1048576.0, theta=94.0, startopt_ratio=0.33639998595544407
out=/Users/ivanbesevic/Documents/poussiere/benchmarks/201_vs_300_complete/300_ks3x2_seed2.json
",True,1.0276620388031006,242,8,1.085698127746582,8.516698524145395e-09
5.396300654998293e-16,8,"3,2",2,41,201,0.19423794746398926,10,/Users/ivanbesevic/Documents/poussiere/benchmarks/201_vs_300_complete/201_ks3x2_seed3.json,3.090369605767606e-13,3,8,8,0,3,,"========================================================================================================================
201 autonomous LOG-STABLE OPTIMAL-PROBE TENSOR-HALLEY NumPy Pandrosion
No dependency on previous Python scripts; 118/120/200 backbone + logarithmic stability + optimal-probe energy + tensorial gated finite-slope Halley; no Newton/Jacobian fallback path.
========================================================================================================================
case=ks(3,2), seed=991867219, terms=30, Bezout=8
roots=8/8 success=True trials=59 duplicates=41 failures=10
seconds: generation=0.01, extract=0.19, total=0.20
best_root: residual=6.977e-09, trial=19, Lambda=39.2225709949991, theta=100.0, startopt_ratio=0.0031198061994089504
out=/Users/ivanbesevic/Documents/poussiere/benchmarks/201_vs_300_complete/201_ks3x2_seed3.json
",True,0.20300602912902832,59,8,0.25937581062316895,6.977428599087827e-09
5.185169430563076e-16,8,"3,2",2,57,300,0.30443811416625977,8,/Users/ivanbesevic/Documents/poussiere/benchmarks/201_vs_300_complete/300_ks3x2_seed3.json,1.2006566064440692e-11,3,8,8,0,3,,"========================================================================================================================
300 autonomous ATLAS-GEODESIC INVERSE-JET NumPy Pandrosion
No dependency on previous Python scripts; 118/120/200 backbone + logarithmic stability + optimal-probe energy + tensorial gated finite-slope Halley; no Newton/Jacobian fallback path.
========================================================================================================================
case=ks(3,2), seed=991867219, terms=30, Bezout=8
roots=8/8 success=True trials=73 duplicates=57 failures=8
seconds: generation=0.01, extract=0.30, total=0.31
best_root: residual=1.201e-11, trial=19, Lambda=39.2225709949991, theta=100.0, startopt_ratio=0.0031198061994089504
out=/Users/ivanbesevic/Documents/poussiere/benchmarks/201_vs_300_complete/300_ks3x2_seed3.json
",True,0.313096284866333,73,8,0.3702659606933594,2.003099558464337e-10
3.1465569529417232e-15,8,"3,2",2,30,201,0.1421346664428711,5,/Users/ivanbesevic/Documents/poussiere/benchmarks/201_vs_300_complete/201_ks3x2_seed4.json,1.3625725162207997e-13,3,8,8,0,4,,"========================================================================================================================
201 autonomous LOG-STABLE OPTIMAL-PROBE TENSOR-HALLEY NumPy Pandrosion
No dependency on previous Python scripts; 118/120/200 backbone + logarithmic stability + optimal-probe energy + tensorial gated finite-slope Halley; no Newton/Jacobian fallback path.
========================================================================================================================
case=ks(3,2), seed=801676614, terms=30, Bezout=8
roots=8/8 success=True trials=43 duplicates=30 failures=5
seconds: generation=0.01, extract=0.14, total=0.15
best_root: residual=1.806e-14, trial=0, Lambda=1.2339460808244847e-06, theta=0.0, startopt_ratio=0.999999894005807
out=/Users/ivanbesevic/Documents/poussiere/benchmarks/201_vs_300_complete/201_ks3x2_seed4.json
",True,0.1510007381439209,43,8,0.2064659595489502,8.43501658556754e-10
7.215595591812694e-15,8,"3,2",2,138,300,0.625795841217041,13,/Users/ivanbesevic/Documents/poussiere/benchmarks/201_vs_300_complete/300_ks3x2_seed4.json,5.818837525237432e-12,3,8,8,0,4,,"========================================================================================================================
300 autonomous ATLAS-GEODESIC INVERSE-JET NumPy Pandrosion
No dependency on previous Python scripts; 118/120/200 backbone + logarithmic stability + optimal-probe energy + tensorial gated finite-slope Halley; no Newton/Jacobian fallback path.
========================================================================================================================
case=ks(3,2), seed=801676614, terms=30, Bezout=8
roots=8/8 success=True trials=159 duplicates=138 failures=13
seconds: generation=0.01, extract=0.63, total=0.63
best_root: residual=1.214e-09, trial=0, Lambda=1.2339460808244847e-06, theta=0.0, startopt_ratio=0.999999894005807
out=/Users/ivanbesevic/Documents/poussiere/benchmarks/201_vs_300_complete/300_ks3x2_seed4.json
",True,0.6349129676818848,159,8,0.6934340000152588,1.2143171552343813e-09
1.2640409922594522e-15,27,"3,3",3,18,201,0.18131208419799805,1,/Users/ivanbesevic/Documents/poussiere/benchmarks/201_vs_300_complete/201_ks3x3_seed0.json,1.1219170344568691e-13,3,12,12,0,0,,"========================================================================================================================
201 autonomous LOG-STABLE OPTIMAL-PROBE TENSOR-HALLEY NumPy Pandrosion
No dependency on previous Python scripts; 118/120/200 backbone + logarithmic stability + optimal-probe energy + tensorial gated finite-slope Halley; no Newton/Jacobian fallback path.
========================================================================================================================
case=ks(3,3), seed=612744585, terms=60, Bezout=27
roots=12/12 success=True trials=31 duplicates=18 failures=1
seconds: generation=0.01, extract=0.18, total=0.19
best_root: residual=7.655e-09, trial=9, Lambda=522258.34038767614, theta=80.0, startopt_ratio=4.287236345672162e-05
out=/Users/ivanbesevic/Documents/poussiere/benchmarks/201_vs_300_complete/201_ks3x3_seed0.json
",True,0.19025111198425293,31,12,0.2466597557067871,7.655062155437457e-09
2.284066337337019e-15,27,"3,3",3,21,300,0.24445796012878418,1,/Users/ivanbesevic/Documents/poussiere/benchmarks/201_vs_300_complete/300_ks3x3_seed0.json,9.968831063594134e-11,3,12,12,0,0,,"========================================================================================================================
300 autonomous ATLAS-GEODESIC INVERSE-JET NumPy Pandrosion
No dependency on previous Python scripts; 118/120/200 backbone + logarithmic stability + optimal-probe energy + tensorial gated finite-slope Halley; no Newton/Jacobian fallback path.
========================================================================================================================
case=ks(3,3), seed=612744585, terms=60, Bezout=27
roots=12/12 success=True trials=34 duplicates=21 failures=1
seconds: generation=0.01, extract=0.24, total=0.25
best_root: residual=2.284e-15, trial=33, Lambda=106.06192823149303, theta=100.0, startopt_ratio=4.198516595011769e-05
out=/Users/ivanbesevic/Documents/poussiere/benchmarks/201_vs_300_complete/300_ks3x3_seed0.json
",True,0.25330185890197754,34,12,0.3087780475616455,3.5561202841516397e-09
3.954560803480502e-16,27,"3,3",3,16,201,0.15602993965148926,0,/Users/ivanbesevic/Documents/poussiere/benchmarks/201_vs_300_complete/201_ks3x3_seed1.json,1.4231485791963452e-12,3,12,12,0,1,,"========================================================================================================================
201 autonomous LOG-STABLE OPTIMAL-PROBE TENSOR-HALLEY NumPy Pandrosion
No dependency on previous Python scripts; 118/120/200 backbone + logarithmic stability + optimal-probe energy + tensorial gated finite-slope Halley; no Newton/Jacobian fallback path.
========================================================================================================================
case=ks(3,3), seed=1944581561, terms=60, Bezout=27
roots=12/12 success=True trials=28 duplicates=16 failures=0
seconds: generation=0.01, extract=0.16, total=0.16
best_root: residual=3.955e-16, trial=12, Lambda=1048576.0, theta=89.0, startopt_ratio=4.287603759793281e-05
out=/Users/ivanbesevic/Documents/poussiere/benchmarks/201_vs_300_complete/201_ks3x3_seed1.json
",True,0.1649017333984375,28,12,0.2203807830810547,9.941087591758129e-09
5.143447792929288e-16,27,"3,3",3,15,300,0.19615507125854492,0,/Users/ivanbesevic/Documents/poussiere/benchmarks/201_vs_300_complete/300_ks3x3_seed1.json,1.4723882621595916e-11,3,12,12,0,1,,"========================================================================================================================
300 autonomous ATLAS-GEODESIC INVERSE-JET NumPy Pandrosion
No dependency on previous Python scripts; 118/120/200 backbone + logarithmic stability + optimal-probe energy + tensorial gated finite-slope Halley; no Newton/Jacobian fallback path.
========================================================================================================================
case=ks(3,3), seed=1944581561, terms=60, Bezout=27
roots=12/12 success=True trials=27 duplicates=15 failures=0
seconds: generation=0.01, extract=0.20, total=0.21
best_root: residual=2.438e-10, trial=18, Lambda=712047.2866933267, theta=18.0, startopt_ratio=4.2875204293728146e-05
out=/Users/ivanbesevic/Documents/poussiere/benchmarks/201_vs_300_complete/300_ks3x3_seed1.json
",True,0.20505809783935547,27,12,0.2613799571990967,2.7592651067559375e-09
2.2079207130766657e-15,27,"3,3",3,14,201,0.14152908325195312,0,/Users/ivanbesevic/Documents/poussiere/benchmarks/201_vs_300_complete/201_ks3x3_seed2.json,5.900089898695692e-13,3,12,12,0,2,,"========================================================================================================================
201 autonomous LOG-STABLE OPTIMAL-PROBE TENSOR-HALLEY NumPy Pandrosion
No dependency on previous Python scripts; 118/120/200 backbone + logarithmic stability + optimal-probe energy + tensorial gated finite-slope Halley; no Newton/Jacobian fallback path.
========================================================================================================================
case=ks(3,3), seed=1273453173, terms=60, Bezout=27
roots=12/12 success=True trials=26 duplicates=14 failures=0
seconds: generation=0.01, extract=0.14, total=0.15
best_root: residual=7.755e-11, trial=21, Lambda=0.0005016912482844748, theta=12.000000000000002, startopt_ratio=0.9995578414745196
out=/Users/ivanbesevic/Documents/poussiere/benchmarks/201_vs_300_complete/201_ks3x3_seed2.json
",True,0.1500110626220703,26,12,0.20461225509643555,1.3075195529488353e-09
3.5714350255115303e-16,27,"3,3",3,14,300,0.18349790573120117,0,/Users/ivanbesevic/Documents/poussiere/benchmarks/201_vs_300_complete/300_ks3x3_seed2.json,2.1983346256932952e-11,3,12,12,0,2,,"========================================================================================================================
300 autonomous ATLAS-GEODESIC INVERSE-JET NumPy Pandrosion
No dependency on previous Python scripts; 118/120/200 backbone + logarithmic stability + optimal-probe energy + tensorial gated finite-slope Halley; no Newton/Jacobian fallback path.
========================================================================================================================
case=ks(3,3), seed=1273453173, terms=60, Bezout=27
roots=12/12 success=True trials=26 duplicates=14 failures=0
seconds: generation=0.01, extract=0.18, total=0.19
best_root: residual=3.194e-13, trial=21, Lambda=0.0005016912482844748, theta=12.000000000000002, startopt_ratio=0.9995578414745196
out=/Users/ivanbesevic/Documents/poussiere/benchmarks/201_vs_300_complete/300_ks3x3_seed2.json
",True,0.1922910213470459,26,12,0.24739694595336914,4.175223211229996e-09
3.1985215122904828e-15,27,"3,3",3,20,201,0.17769718170166016,3,/Users/ivanbesevic/Documents/poussiere/benchmarks/201_vs_300_complete/201_ks3x3_seed3.json,7.041126278436624e-12,3,12,12,0,3,,"========================================================================================================================
201 autonomous LOG-STABLE OPTIMAL-PROBE TENSOR-HALLEY NumPy Pandrosion
No dependency on previous Python scripts; 118/120/200 backbone + logarithmic stability + optimal-probe energy + tensorial gated finite-slope Halley; no Newton/Jacobian fallback path.
========================================================================================================================
case=ks(3,3), seed=23749617, terms=60, Bezout=27
roots=12/12 success=True trials=35 duplicates=20 failures=3
seconds: generation=0.01, extract=0.18, total=0.19
best_root: residual=4.575e-11, trial=6, Lambda=1048576.0, theta=116.00000000000001, startopt_ratio=0.06400003510398368
out=/Users/ivanbesevic/Documents/poussiere/benchmarks/201_vs_300_complete/201_ks3x3_seed3.json
",True,0.1865401268005371,35,12,0.24289798736572266,3.2621262365716283e-09
4.308824046522781e-16,27,"3,3",3,20,300,0.24717092514038086,3,/Users/ivanbesevic/Documents/poussiere/benchmarks/201_vs_300_complete/300_ks3x3_seed3.json,1.026607542023133e-11,3,12,12,0,3,,"========================================================================================================================
300 autonomous ATLAS-GEODESIC INVERSE-JET NumPy Pandrosion
No dependency on previous Python scripts; 118/120/200 backbone + logarithmic stability + optimal-probe energy + tensorial gated finite-slope Halley; no Newton/Jacobian fallback path.
========================================================================================================================
case=ks(3,3), seed=23749617, terms=60, Bezout=27
roots=12/12 success=True trials=35 duplicates=20 failures=3
seconds: generation=0.01, extract=0.25, total=0.26
best_root: residual=5.633e-16, trial=2, Lambda=1048576.0, theta=164.0, startopt_ratio=0.0006141247485798718
out=/Users/ivanbesevic/Documents/poussiere/benchmarks/201_vs_300_complete/300_ks3x3_seed3.json
",True,0.25566816329956055,35,12,0.31181883811950684,4.2187677253655075e-09
8.566372960945295e-16,27,"3,3",3,40,201,0.2846992015838623,5,/Users/ivanbesevic/Documents/poussiere/benchmarks/201_vs_300_complete/201_ks3x3_seed4.json,2.591179435795561e-13,3,12,12,0,4,,"========================================================================================================================
201 autonomous LOG-STABLE OPTIMAL-PROBE TENSOR-HALLEY NumPy Pandrosion
No dependency on previous Python scripts; 118/120/200 backbone + logarithmic stability + optimal-probe energy + tensorial gated finite-slope Halley; no Newton/Jacobian fallback path.
========================================================================================================================
case=ks(3,3), seed=1326637865, terms=60, Bezout=27
roots=12/12 success=True trials=57 duplicates=40 failures=5
seconds: generation=0.01, extract=0.28, total=0.29
best_root: residual=9.883e-11, trial=7, Lambda=1041236.4943590225, theta=89.0, startopt_ratio=0.1951119993076453
out=/Users/ivanbesevic/Documents/poussiere/benchmarks/201_vs_300_complete/201_ks3x3_seed4.json
",True,0.2932159900665283,57,12,0.3485586643218994,8.798536786553687e-09
3.132324617386636e-15,27,"3,3",3,19,300,0.2357778549194336,3,/Users/ivanbesevic/Documents/poussiere/benchmarks/201_vs_300_complete/300_ks3x3_seed4.json,1.618336632626098e-10,3,12,12,0,4,,"========================================================================================================================
300 autonomous ATLAS-GEODESIC INVERSE-JET NumPy Pandrosion
No dependency on previous Python scripts; 118/120/200 backbone + logarithmic stability + optimal-probe energy + tensorial gated finite-slope Halley; no Newton/Jacobian fallback path.
========================================================================================================================
case=ks(3,3), seed=1326637865, terms=60, Bezout=27
roots=12/12 success=True trials=34 duplicates=19 failures=3
seconds: generation=0.01, extract=0.24, total=0.24
best_root: residual=1.747e-09, trial=17, Lambda=954623.7247524979, theta=172.0, startopt_ratio=3.735114353797463e-05
out=/Users/ivanbesevic/Documents/poussiere/benchmarks/201_vs_300_complete/300_ks3x3_seed4.json
",True,0.24470090866088867,34,12,0.3008420467376709,7.12310332041586e-09
3.925231146709438e-16,64,"3,4",4,20,201,0.20980501174926758,1,/Users/ivanbesevic/Documents/poussiere/benchmarks/201_vs_300_complete/201_ks3x4_seed0.json,1.144751386001845e-13,3,12,12,0,0,,"========================================================================================================================
201 autonomous LOG-STABLE OPTIMAL-PROBE TENSOR-HALLEY NumPy Pandrosion
No dependency on previous Python scripts; 118/120/200 backbone + logarithmic stability + optimal-probe energy + tensorial gated finite-slope Halley; no Newton/Jacobian fallback path.
========================================================================================================================
case=ks(3,4), seed=616668615, terms=105, Bezout=64
roots=12/12 success=True trials=33 duplicates=20 failures=1
seconds: generation=0.01, extract=0.21, total=0.22
best_root: residual=8.597e-11, trial=2, Lambda=1048576.0, theta=164.0, startopt_ratio=5.220052047574692e-05
out=/Users/ivanbesevic/Documents/poussiere/benchmarks/201_vs_300_complete/201_ks3x4_seed0.json
",True,0.21854710578918457,33,12,0.2734358310699463,6.785290639622738e-09
3.950272747723015e-15,64,"3,4",4,15,300,0.22789502143859863,0,/Users/ivanbesevic/Documents/poussiere/benchmarks/201_vs_300_complete/300_ks3x4_seed0.json,1.622629990670944e-11,3,12,12,0,0,,"========================================================================================================================
300 autonomous ATLAS-GEODESIC INVERSE-JET NumPy Pandrosion
No dependency on previous Python scripts; 118/120/200 backbone + logarithmic stability + optimal-probe energy + tensorial gated finite-slope Halley; no Newton/Jacobian fallback path.
========================================================================================================================
case=ks(3,4), seed=616668615, terms=105, Bezout=64
roots=12/12 success=True trials=27 duplicates=15 failures=0
seconds: generation=0.01, extract=0.23, total=0.24
best_root: residual=5.329e-09, trial=25, Lambda=52618.59804246258, theta=91.0, startopt_ratio=0.11316492813551066
out=/Users/ivanbesevic/Documents/poussiere/benchmarks/201_vs_300_complete/300_ks3x4_seed0.json
",True,0.23638391494750977,27,12,0.2919290065765381,5.328814912642126e-09
1.2701777491411144e-15,64,"3,4",4,12,201,0.1985619068145752,3,/Users/ivanbesevic/Documents/poussiere/benchmarks/201_vs_300_complete/201_ks3x4_seed1.json,1.0228217588148203e-11,3,12,12,0,1,,"========================================================================================================================
201 autonomous LOG-STABLE OPTIMAL-PROBE TENSOR-HALLEY NumPy Pandrosion
No dependency on previous Python scripts; 118/120/200 backbone + logarithmic stability + optimal-probe energy + tensorial gated finite-slope Halley; no Newton/Jacobian fallback path.
========================================================================================================================
case=ks(3,4), seed=979117441, terms=105, Bezout=64
roots=12/12 success=True trials=27 duplicates=12 failures=3
seconds: generation=0.01, extract=0.20, total=0.21
best_root: residual=1.093e-14, trial=6, Lambda=1048576.0, theta=116.00000000000001, startopt_ratio=0.025600003683320036
out=/Users/ivanbesevic/Documents/poussiere/benchmarks/201_vs_300_complete/201_ks3x4_seed1.json
",True,0.2074449062347412,27,12,0.26380300521850586,4.121164643612093e-09
8.627699134216878e-16,64,"3,4",4,13,300,0.22721624374389648,1,/Users/ivanbesevic/Documents/poussiere/benchmarks/201_vs_300_complete/300_ks3x4_seed1.json,7.387623019286808e-14,3,12,12,0,1,,"========================================================================================================================
300 autonomous ATLAS-GEODESIC INVERSE-JET NumPy Pandrosion
No dependency on previous Python scripts; 118/120/200 backbone + logarithmic stability + optimal-probe energy + tensorial gated finite-slope Halley; no Newton/Jacobian fallback path.
========================================================================================================================
case=ks(3,4), seed=979117441, terms=105, Bezout=64
roots=12/12 success=True trials=26 duplicates=13 failures=1
seconds: generation=0.01, extract=0.23, total=0.24
best_root: residual=2.798e-15, trial=25, Lambda=657992.5182321108, theta=94.0, startopt_ratio=0.11316522547681662
out=/Users/ivanbesevic/Documents/poussiere/benchmarks/201_vs_300_complete/300_ks3x4_seed1.json
",True,0.23640012741088867,26,12,0.2920360565185547,3.6548511730691264e-09
2.4876491105670564e-15,64,"3,4",4,11,201,0.1885080337524414,3,/Users/ivanbesevic/Documents/poussiere/benchmarks/201_vs_300_complete/201_ks3x4_seed2.json,3.829021407324936e-13,3,12,12,0,2,,"========================================================================================================================
201 autonomous LOG-STABLE OPTIMAL-PROBE TENSOR-HALLEY NumPy Pandrosion
No dependency on previous Python scripts; 118/120/200 backbone + logarithmic stability + optimal-probe energy + tensorial gated finite-slope Halley; no Newton/Jacobian fallback path.
========================================================================================================================
case=ks(3,4), seed=2054625166, terms=105, Bezout=64
roots=12/12 success=True trials=26 duplicates=11 failures=3
seconds: generation=0.01, extract=0.19, total=0.20
best_root: residual=1.176e-12, trial=2, Lambda=1048576.0, theta=164.0, startopt_ratio=5.220053247346357e-05
out=/Users/ivanbesevic/Documents/poussiere/benchmarks/201_vs_300_complete/201_ks3x4_seed2.json
",True,0.19740605354309082,26,12,0.2532768249511719,2.9751486488382108e-09
9.412373634839028e-16,64,"3,4",4,14,300,0.2421278953552246,3,/Users/ivanbesevic/Documents/poussiere/benchmarks/201_vs_300_complete/300_ks3x4_seed2.json,6.08881606173718e-11,3,12,12,0,2,,"========================================================================================================================
300 autonomous ATLAS-GEODESIC INVERSE-JET NumPy Pandrosion
No dependency on previous Python scripts; 118/120/200 backbone + logarithmic stability + optimal-probe energy + tensorial gated finite-slope Halley; no Newton/Jacobian fallback path.
========================================================================================================================
case=ks(3,4), seed=2054625166, terms=105, Bezout=64
roots=12/12 success=True trials=29 duplicates=14 failures=3
seconds: generation=0.01, extract=0.24, total=0.25
best_root: residual=9.412e-16, trial=28, Lambda=50889.407485895696, theta=6.000000000000001, startopt_ratio=2.993992008013649e-07
out=/Users/ivanbesevic/Documents/poussiere/benchmarks/201_vs_300_complete/300_ks3x4_seed2.json
",True,0.25108790397644043,29,12,0.30989909172058105,7.452188064980859e-09
5.7243814028925596e-15,64,"3,4",4,13,201,0.1998610496520996,3,/Users/ivanbesevic/Documents/poussiere/benchmarks/201_vs_300_complete/201_ks3x4_seed3.json,1.9234959141045939e-13,3,12,12,0,3,,"========================================================================================================================
201 autonomous LOG-STABLE OPTIMAL-PROBE TENSOR-HALLEY NumPy Pandrosion
No dependency on previous Python scripts; 118/120/200 backbone + logarithmic stability + optimal-probe energy + tensorial gated finite-slope Halley; no Newton/Jacobian fallback path.
========================================================================================================================
case=ks(3,4), seed=466071337, terms=105, Bezout=64
roots=12/12 success=True trials=28 duplicates=13 failures=3
seconds: generation=0.01, extract=0.20, total=0.21
best_root: residual=5.887e-14, trial=0, Lambda=1.2339460808244847e-06, theta=0.0, startopt_ratio=0.9999999158067737
out=/Users/ivanbesevic/Documents/poussiere/benchmarks/201_vs_300_complete/201_ks3x4_seed3.json
",True,0.2083120346069336,28,12,0.26500725746154785,1.5078669101982688e-09
8.386594157882081e-16,64,"3,4",4,7,300,0.20923709869384766,5,/Users/ivanbesevic/Documents/poussiere/benchmarks/201_vs_300_complete/300_ks3x4_seed3.json,2.9894281695064885e-11,3,12,12,0,3,,"========================================================================================================================
300 autonomous ATLAS-GEODESIC INVERSE-JET NumPy Pandrosion
No dependency on previous Python scripts; 118/120/200 backbone + logarithmic stability + optimal-probe energy + tensorial gated finite-slope Halley; no Newton/Jacobian fallback path.
========================================================================================================================
case=ks(3,4), seed=466071337, terms=105, Bezout=64
roots=12/12 success=True trials=24 duplicates=7 failures=5
seconds: generation=0.01, extract=0.21, total=0.22
best_root: residual=2.989e-11, trial=21, Lambda=1048576.0, theta=86.0, startopt_ratio=0.00020735992853928377
out=/Users/ivanbesevic/Documents/poussiere/benchmarks/201_vs_300_complete/300_ks3x4_seed3.json
",True,0.2177581787109375,24,12,0.274691104888916,3.6209938962101884e-09
5.28085841456928e-16,64,"3,4",4,11,201,0.18992900848388672,3,/Users/ivanbesevic/Documents/poussiere/benchmarks/201_vs_300_complete/201_ks3x4_seed4.json,4.0801202927099064e-13,3,12,12,0,4,,"========================================================================================================================
201 autonomous LOG-STABLE OPTIMAL-PROBE TENSOR-HALLEY NumPy Pandrosion
No dependency on previous Python scripts; 118/120/200 backbone + logarithmic stability + optimal-probe energy + tensorial gated finite-slope Halley; no Newton/Jacobian fallback path.
========================================================================================================================
case=ks(3,4), seed=173313761, terms=105, Bezout=64
roots=12/12 success=True trials=26 duplicates=11 failures=3
seconds: generation=0.01, extract=0.19, total=0.20
best_root: residual=1.594e-14, trial=15, Lambda=1048576.0, theta=172.0, startopt_ratio=1.5005857497596087e-06
out=/Users/ivanbesevic/Documents/poussiere/benchmarks/201_vs_300_complete/201_ks3x4_seed4.json
",True,0.19881820678710938,26,12,0.25479698181152344,2.137759921616256e-09
3.2878350919498195e-15,64,"3,4",4,8,300,0.24288296699523926,5,/Users/ivanbesevic/Documents/poussiere/benchmarks/201_vs_300_complete/300_ks3x4_seed4.json,2.1551828251777893e-13,3,12,12,0,4,,"========================================================================================================================
300 autonomous ATLAS-GEODESIC INVERSE-JET NumPy Pandrosion
No dependency on previous Python scripts; 118/120/200 backbone + logarithmic stability + optimal-probe energy + tensorial gated finite-slope Halley; no Newton/Jacobian fallback path.
========================================================================================================================
case=ks(3,4), seed=173313761, terms=105, Bezout=64
roots=12/12 success=True trials=25 duplicates=8 failures=5
seconds: generation=0.01, extract=0.24, total=0.25
best_root: residual=1.766e-09, trial=9, Lambda=1048576.0, theta=12.000000000000002, startopt_ratio=1.5006247351926489e-06
out=/Users/ivanbesevic/Documents/poussiere/benchmarks/201_vs_300_complete/300_ks3x4_seed4.json
",True,0.2514841556549072,25,12,0.3067948818206787,9.87274242735341e-09
1.4128276408010783e-15,16,"4,2",2,75,201,0.3183770179748535,8,/Users/ivanbesevic/Documents/poussiere/benchmarks/201_vs_300_complete/201_ks4x2_seed0.json,8.249610988766702e-13,4,12,12,0,0,,"========================================================================================================================
201 autonomous LOG-STABLE OPTIMAL-PROBE TENSOR-HALLEY NumPy Pandrosion
No dependency on previous Python scripts; 118/120/200 backbone + logarithmic stability + optimal-probe energy + tensorial gated finite-slope Halley; no Newton/Jacobian fallback path.
========================================================================================================================
case=ks(4,2), seed=1664500989, terms=60, Bezout=16
roots=12/12 success=True trials=95 duplicates=75 failures=8
seconds: generation=0.01, extract=0.32, total=0.33
best_root: residual=1.413e-15, trial=0, Lambda=1.2339460808244847e-06, theta=0.0, startopt_ratio=0.9999999653002452
out=/Users/ivanbesevic/Documents/poussiere/benchmarks/201_vs_300_complete/201_ks4x2_seed0.json
",True,0.3269619941711426,95,12,0.38320207595825195,6.637541406980951e-09
2.665835984225005e-16,16,"4,2",2,33,300,0.2308330535888672,8,/Users/ivanbesevic/Documents/poussiere/benchmarks/201_vs_300_complete/300_ks4x2_seed0.json,1.837235111198093e-11,4,12,12,0,0,,"========================================================================================================================
300 autonomous ATLAS-GEODESIC INVERSE-JET NumPy Pandrosion
No dependency on previous Python scripts; 118/120/200 backbone + logarithmic stability + optimal-probe energy + tensorial gated finite-slope Halley; no Newton/Jacobian fallback path.
========================================================================================================================
case=ks(4,2), seed=1664500989, terms=60, Bezout=16
roots=12/12 success=True trials=53 duplicates=33 failures=8
seconds: generation=0.01, extract=0.23, total=0.24
best_root: residual=2.666e-16, trial=0, Lambda=1.2339460808244847e-06, theta=0.0, startopt_ratio=0.9999999653002452
out=/Users/ivanbesevic/Documents/poussiere/benchmarks/201_vs_300_complete/300_ks4x2_seed0.json
",True,0.23956513404846191,53,12,0.2957310676574707,7.188723703094828e-09
1.3126252612598277e-15,16,"4,2",2,89,201,0.3721299171447754,11,/Users/ivanbesevic/Documents/poussiere/benchmarks/201_vs_300_complete/201_ks4x2_seed1.json,1.454522273941843e-13,4,12,12,0,1,,"========================================================================================================================
201 autonomous LOG-STABLE OPTIMAL-PROBE TENSOR-HALLEY NumPy Pandrosion
No dependency on previous Python scripts; 118/120/200 backbone + logarithmic stability + optimal-probe energy + tensorial gated finite-slope Halley; no Newton/Jacobian fallback path.
========================================================================================================================
case=ks(4,2), seed=1977060929, terms=60, Bezout=16
roots=12/12 success=True trials=112 duplicates=89 failures=11
seconds: generation=0.01, extract=0.37, total=0.38
best_root: residual=1.313e-15, trial=4, Lambda=1048576.0, theta=140.0, startopt_ratio=0.0324000035986543
out=/Users/ivanbesevic/Documents/poussiere/benchmarks/201_vs_300_complete/201_ks4x2_seed1.json
",True,0.3807070255279541,112,12,0.43853211402893066,8.201629791619132e-09
9.859286797386135e-15,16,"4,2",2,35,300,0.24940013885498047,5,/Users/ivanbesevic/Documents/poussiere/benchmarks/201_vs_300_complete/300_ks4x2_seed1.json,6.938687559228686e-12,4,12,12,0,1,,"========================================================================================================================
300 autonomous ATLAS-GEODESIC INVERSE-JET NumPy Pandrosion
No dependency on previous Python scripts; 118/120/200 backbone + logarithmic stability + optimal-probe energy + tensorial gated finite-slope Halley; no Newton/Jacobian fallback path.
========================================================================================================================
case=ks(4,2), seed=1977060929, terms=60, Bezout=16
roots=12/12 success=True trials=52 duplicates=35 failures=5
seconds: generation=0.01, extract=0.25, total=0.26
best_root: residual=2.643e-12, trial=4, Lambda=1048576.0, theta=140.0, startopt_ratio=0.0324000035986543
out=/Users/ivanbesevic/Documents/poussiere/benchmarks/201_vs_300_complete/300_ks4x2_seed1.json
",True,0.2582268714904785,52,12,0.3138000965118408,2.1272068728567316e-09
1.904558900508863e-15,16,"4,2",2,14,201,0.11428713798522949,5,/Users/ivanbesevic/Documents/poussiere/benchmarks/201_vs_300_complete/201_ks4x2_seed2.json,5.917190266165446e-11,4,12,12,0,2,,"========================================================================================================================
201 autonomous LOG-STABLE OPTIMAL-PROBE TENSOR-HALLEY NumPy Pandrosion
No dependency on previous Python scripts; 118/120/200 backbone + logarithmic stability + optimal-probe energy + tensorial gated finite-slope Halley; no Newton/Jacobian fallback path.
========================================================================================================================
case=ks(4,2), seed=345646764, terms=60, Bezout=16
roots=12/12 success=True trials=31 duplicates=14 failures=5
seconds: generation=0.01, extract=0.11, total=0.12
best_root: residual=1.517e-10, trial=14, Lambda=1048576.0, theta=24.000000000000004, startopt_ratio=0.0011130995981104084
out=/Users/ivanbesevic/Documents/poussiere/benchmarks/201_vs_300_complete/201_ks4x2_seed2.json
",True,0.12313294410705566,31,12,0.17908906936645508,2.354433512571319e-09
4.8631895202705905e-15,16,"4,2",2,31,300,0.22446298599243164,8,/Users/ivanbesevic/Documents/poussiere/benchmarks/201_vs_300_complete/300_ks4x2_seed2.json,2.2097386599603057e-13,4,12,12,0,2,,"========================================================================================================================
300 autonomous ATLAS-GEODESIC INVERSE-JET NumPy Pandrosion
No dependency on previous Python scripts; 118/120/200 backbone + logarithmic stability + optimal-probe energy + tensorial gated finite-slope Halley; no Newton/Jacobian fallback path.
========================================================================================================================
case=ks(4,2), seed=345646764, terms=60, Bezout=16
roots=12/12 success=True trials=51 duplicates=31 failures=8
seconds: generation=0.01, extract=0.22, total=0.23
best_root: residual=6.931e-14, trial=4, Lambda=118637.15778847618, theta=90.0, startopt_ratio=0.03239952762461332
out=/Users/ivanbesevic/Documents/poussiere/benchmarks/201_vs_300_complete/300_ks4x2_seed2.json
",True,0.23296403884887695,51,12,0.28879523277282715,6.028386872256413e-10
8.078076586706796e-16,16,"4,2",2,46,201,0.22982311248779297,9,/Users/ivanbesevic/Documents/poussiere/benchmarks/201_vs_300_complete/201_ks4x2_seed3.json,2.7624143535933197e-12,4,12,12,0,3,,"========================================================================================================================
201 autonomous LOG-STABLE OPTIMAL-PROBE TENSOR-HALLEY NumPy Pandrosion
No dependency on previous Python scripts; 118/120/200 backbone + logarithmic stability + optimal-probe energy + tensorial gated finite-slope Halley; no Newton/Jacobian fallback path.
========================================================================================================================
case=ks(4,2), seed=230920569, terms=60, Bezout=16
roots=12/12 success=True trials=67 duplicates=46 failures=9
seconds: generation=0.01, extract=0.23, total=0.24
best_root: residual=9.990e-11, trial=2, Lambda=1048576.0, theta=164.0, startopt_ratio=0.007224995401822945
out=/Users/ivanbesevic/Documents/poussiere/benchmarks/201_vs_300_complete/201_ks4x2_seed3.json
",True,0.23839712142944336,67,12,0.2941932678222656,4.22934166501922e-09
7.070865672341163e-16,16,"4,2",2,27,300,0.21615004539489746,8,/Users/ivanbesevic/Documents/poussiere/benchmarks/201_vs_300_complete/300_ks4x2_seed3.json,2.186986122641362e-12,4,12,12,0,3,,"========================================================================================================================
300 autonomous ATLAS-GEODESIC INVERSE-JET NumPy Pandrosion
No dependency on previous Python scripts; 118/120/200 backbone + logarithmic stability + optimal-probe energy + tensorial gated finite-slope Halley; no Newton/Jacobian fallback path.
========================================================================================================================
case=ks(4,2), seed=230920569, terms=60, Bezout=16
roots=12/12 success=True trials=47 duplicates=27 failures=8
seconds: generation=0.01, extract=0.22, total=0.23
best_root: residual=8.262e-09, trial=27, Lambda=62.26478156342952, theta=86.0, startopt_ratio=0.0012563963741048692
out=/Users/ivanbesevic/Documents/poussiere/benchmarks/201_vs_300_complete/300_ks4x2_seed3.json
",True,0.22525739669799805,47,12,0.28127598762512207,8.262343841944602e-09
1.4624449402428884e-15,16,"4,2",2,49,201,0.2556462287902832,13,/Users/ivanbesevic/Documents/poussiere/benchmarks/201_vs_300_complete/201_ks4x2_seed4.json,1.1046078885051234e-13,4,12,12,0,4,,"========================================================================================================================
201 autonomous LOG-STABLE OPTIMAL-PROBE TENSOR-HALLEY NumPy Pandrosion
No dependency on previous Python scripts; 118/120/200 backbone + logarithmic stability + optimal-probe energy + tensorial gated finite-slope Halley; no Newton/Jacobian fallback path.
========================================================================================================================
case=ks(4,2), seed=261529078, terms=60, Bezout=16
roots=12/12 success=True trials=74 duplicates=49 failures=13
seconds: generation=0.01, extract=0.26, total=0.26
best_root: residual=9.246e-15, trial=73, Lambda=13872.10780520285, theta=80.0, startopt_ratio=0.0030210960673272653
out=/Users/ivanbesevic/Documents/poussiere/benchmarks/201_vs_300_complete/201_ks4x2_seed4.json
",True,0.26450014114379883,74,12,0.3203608989715576,5.59527650855312e-10
4.119739996032822e-16,16,"4,2",2,35,300,0.27399396896362305,8,/Users/ivanbesevic/Documents/poussiere/benchmarks/201_vs_300_complete/300_ks4x2_seed4.json,4.710012652659413e-13,4,12,12,0,4,,"========================================================================================================================
300 autonomous ATLAS-GEODESIC INVERSE-JET NumPy Pandrosion
No dependency on previous Python scripts; 118/120/200 backbone + logarithmic stability + optimal-probe energy + tensorial gated finite-slope Halley; no Newton/Jacobian fallback path.
========================================================================================================================
case=ks(4,2), seed=261529078, terms=60, Bezout=16
roots=12/12 success=True trials=55 duplicates=35 failures=8
seconds: generation=0.01, extract=0.27, total=0.28
best_root: residual=1.871e-15, trial=11, Lambda=1383.5705940671928, theta=90.0, startopt_ratio=0.0013331965774173807
out=/Users/ivanbesevic/Documents/poussiere/benchmarks/201_vs_300_complete/300_ks4x2_seed4.json
",True,0.2831249237060547,55,12,0.3392057418823242,7.223104079894047e-10
