best_cond,best_epochs,best_residual,bezout,case,degree,duplicates,engine,extract_seconds,failures,halley_used_count_best,json,n,requested_roots,returncode,seed_index,stderr_tail,stdout_tail,success,total_seconds,trials_used,unique_roots,wall_seconds
3.0113172979997613,5,1.0511562839272708e-09,4,"2,2",2,876,201,2.189188241958618,144,4,/Users/ivanbesevic/Documents/poussiere/benchmarks/201_vs_300/201_ks2x2_seed0.json,2,8,0,0,,"========================================================================================================================
201 autonomous LOG-STABLE OPTIMAL-PROBE TENSOR-HALLEY NumPy Pandrosion
No dependency on previous Python scripts; 118/120/200 backbone + logarithmic stability + optimal-probe energy + tensorial gated finite-slope Halley; no Newton/Jacobian fallback path.
========================================================================================================================
case=ks(2,2), seed=125315038, terms=12, Bezout=4
roots=4/8 success=False trials=1024 duplicates=876 failures=144
seconds: generation=0.01, extract=2.19, total=2.20
best_root: residual=1.051e-09, trial=0, Lambda=1.2339460808244847e-06, theta=0.0, startopt_ratio=0.9999999865744338
out=/Users/ivanbesevic/Documents/poussiere/benchmarks/201_vs_300/201_ks2x2_seed0.json
",False,2.1994991302490234,1024,4,2.2580490112304688
3.0109771361333295,6,2.835581717916682e-11,4,"2,2",2,863,300,3.1349470615386963,157,5,/Users/ivanbesevic/Documents/poussiere/benchmarks/201_vs_300/300_ks2x2_seed0.json,2,8,0,0,,"========================================================================================================================
300 autonomous ATLAS-GEODESIC INVERSE-JET NumPy Pandrosion
No dependency on previous Python scripts; 118/120/200 backbone + logarithmic stability + optimal-probe energy + tensorial gated finite-slope Halley; no Newton/Jacobian fallback path.
========================================================================================================================
case=ks(2,2), seed=125315038, terms=12, Bezout=4
roots=4/8 success=False trials=1024 duplicates=863 failures=157
seconds: generation=0.01, extract=3.13, total=3.14
best_root: residual=2.836e-11, trial=0, Lambda=1.2339460808244847e-06, theta=0.0, startopt_ratio=0.9999999865744338
out=/Users/ivanbesevic/Documents/poussiere/benchmarks/201_vs_300/300_ks2x2_seed0.json
",False,3.1435160636901855,1024,4,3.1991121768951416
3.0087996951034217,10,7.272217990545828e-09,4,"2,2",2,874,201,2.076910972595215,144,3,/Users/ivanbesevic/Documents/poussiere/benchmarks/201_vs_300/201_ks2x2_seed1.json,2,8,0,1,,"========================================================================================================================
201 autonomous LOG-STABLE OPTIMAL-PROBE TENSOR-HALLEY NumPy Pandrosion
No dependency on previous Python scripts; 118/120/200 backbone + logarithmic stability + optimal-probe energy + tensorial gated finite-slope Halley; no Newton/Jacobian fallback path.
========================================================================================================================
case=ks(2,2), seed=1102160111, terms=12, Bezout=4
roots=6/8 success=False trials=1024 duplicates=874 failures=144
seconds: generation=0.01, extract=2.08, total=2.09
best_root: residual=7.272e-09, trial=938, Lambda=29175.762355744162, theta=48.00000000000001, startopt_ratio=0.0072238037974833675
out=/Users/ivanbesevic/Documents/poussiere/benchmarks/201_vs_300/201_ks2x2_seed1.json
",False,2.085505962371826,1024,6,2.1457130908966064
3.0108702709809365,9,2.6353226834135966e-12,4,"2,2",2,859,300,2.8965420722961426,161,5,/Users/ivanbesevic/Documents/poussiere/benchmarks/201_vs_300/300_ks2x2_seed1.json,2,8,0,1,,"========================================================================================================================
300 autonomous ATLAS-GEODESIC INVERSE-JET NumPy Pandrosion
No dependency on previous Python scripts; 118/120/200 backbone + logarithmic stability + optimal-probe energy + tensorial gated finite-slope Halley; no Newton/Jacobian fallback path.
========================================================================================================================
case=ks(2,2), seed=1102160111, terms=12, Bezout=4
roots=4/8 success=False trials=1024 duplicates=859 failures=161
seconds: generation=0.01, extract=2.90, total=2.91
best_root: residual=2.635e-12, trial=5, Lambda=184925.31845349888, theta=91.0, startopt_ratio=0.07289989661438856
out=/Users/ivanbesevic/Documents/poussiere/benchmarks/201_vs_300/300_ks2x2_seed1.json
",False,2.9052202701568604,1024,4,2.9614999294281006
3.8096719306233986,7,3.977401907769421e-12,4,"2,2",2,894,201,2.150766134262085,126,3,/Users/ivanbesevic/Documents/poussiere/benchmarks/201_vs_300/201_ks2x2_seed2.json,2,8,0,2,,"========================================================================================================================
201 autonomous LOG-STABLE OPTIMAL-PROBE TENSOR-HALLEY NumPy Pandrosion
No dependency on previous Python scripts; 118/120/200 backbone + logarithmic stability + optimal-probe energy + tensorial gated finite-slope Halley; no Newton/Jacobian fallback path.
========================================================================================================================
case=ks(2,2), seed=1416315366, terms=12, Bezout=4
roots=4/8 success=False trials=1024 duplicates=894 failures=126
seconds: generation=0.01, extract=2.15, total=2.16
best_root: residual=3.977e-12, trial=33, Lambda=2036.7147258506686, theta=90.0, startopt_ratio=0.0012643223494876897
out=/Users/ivanbesevic/Documents/poussiere/benchmarks/201_vs_300/201_ks2x2_seed2.json
",False,2.159503221511841,1024,4,2.2163100242614746
3.8096738521321902,8,3.1099012894583625e-11,4,"2,2",2,866,300,2.8744397163391113,154,3,/Users/ivanbesevic/Documents/poussiere/benchmarks/201_vs_300/300_ks2x2_seed2.json,2,8,0,2,,"========================================================================================================================
300 autonomous ATLAS-GEODESIC INVERSE-JET NumPy Pandrosion
No dependency on previous Python scripts; 118/120/200 backbone + logarithmic stability + optimal-probe energy + tensorial gated finite-slope Halley; no Newton/Jacobian fallback path.
========================================================================================================================
case=ks(2,2), seed=1416315366, terms=12, Bezout=4
roots=4/8 success=False trials=1024 duplicates=866 failures=154
seconds: generation=0.01, extract=2.87, total=2.88
best_root: residual=3.110e-11, trial=10, Lambda=4044.2900878726923, theta=128.0, startopt_ratio=0.0015545004476567202
out=/Users/ivanbesevic/Documents/poussiere/benchmarks/201_vs_300/300_ks2x2_seed2.json
",False,2.883082866668701,1024,4,2.940474033355713
5.9791544851111516,7,5.7302997460712835e-15,9,"2,3",3,33,201,0.15981268882751465,1,4,/Users/ivanbesevic/Documents/poussiere/benchmarks/201_vs_300/201_ks2x3_seed0.json,2,8,0,0,,"========================================================================================================================
201 autonomous LOG-STABLE OPTIMAL-PROBE TENSOR-HALLEY NumPy Pandrosion
No dependency on previous Python scripts; 118/120/200 backbone + logarithmic stability + optimal-probe energy + tensorial gated finite-slope Halley; no Newton/Jacobian fallback path.
========================================================================================================================
case=ks(2,3), seed=1758292748, terms=20, Bezout=9
roots=8/8 success=True trials=42 duplicates=33 failures=1
seconds: generation=0.01, extract=0.16, total=0.17
best_root: residual=5.730e-15, trial=18, Lambda=71.67005467438145, theta=64.0, startopt_ratio=3.2009676489109696e-05
out=/Users/ivanbesevic/Documents/poussiere/benchmarks/201_vs_300/201_ks2x3_seed0.json
",True,0.1686997413635254,42,8,0.22490215301513672
5.979212766582035,11,1.3204691076030192e-09,9,"2,3",3,29,300,0.1921379566192627,3,3,/Users/ivanbesevic/Documents/poussiere/benchmarks/201_vs_300/300_ks2x3_seed0.json,2,8,0,0,,"========================================================================================================================
300 autonomous ATLAS-GEODESIC INVERSE-JET NumPy Pandrosion
No dependency on previous Python scripts; 118/120/200 backbone + logarithmic stability + optimal-probe energy + tensorial gated finite-slope Halley; no Newton/Jacobian fallback path.
========================================================================================================================
case=ks(2,3), seed=1758292748, terms=20, Bezout=9
roots=8/8 success=True trials=40 duplicates=29 failures=3
seconds: generation=0.01, extract=0.19, total=0.20
best_root: residual=1.320e-09, trial=11, Lambda=262987.0170472249, theta=12.000000000000002, startopt_ratio=3.488203554651764e-05
out=/Users/ivanbesevic/Documents/poussiere/benchmarks/201_vs_300/300_ks2x3_seed0.json
",True,0.20058488845825195,40,8,0.2557649612426758
4.592597558738811,14,1.4904337146370003e-10,9,"2,3",3,64,201,0.2307109832763672,1,3,/Users/ivanbesevic/Documents/poussiere/benchmarks/201_vs_300/201_ks2x3_seed1.json,2,8,0,1,,"========================================================================================================================
201 autonomous LOG-STABLE OPTIMAL-PROBE TENSOR-HALLEY NumPy Pandrosion
No dependency on previous Python scripts; 118/120/200 backbone + logarithmic stability + optimal-probe energy + tensorial gated finite-slope Halley; no Newton/Jacobian fallback path.
========================================================================================================================
case=ks(2,3), seed=788669912, terms=20, Bezout=9
roots=8/8 success=True trials=73 duplicates=64 failures=1
seconds: generation=0.01, extract=0.23, total=0.24
best_root: residual=1.490e-10, trial=7, Lambda=1048576.0, theta=94.0, startopt_ratio=0.19511198822190753
out=/Users/ivanbesevic/Documents/poussiere/benchmarks/201_vs_300/201_ks2x3_seed1.json
",True,0.23935580253601074,73,8,0.29459309577941895
4.592782987492191,15,1.9714275608739575e-15,9,"2,3",3,64,300,0.3141911029815674,1,4,/Users/ivanbesevic/Documents/poussiere/benchmarks/201_vs_300/300_ks2x3_seed1.json,2,8,0,1,,"========================================================================================================================
300 autonomous ATLAS-GEODESIC INVERSE-JET NumPy Pandrosion
No dependency on previous Python scripts; 118/120/200 backbone + logarithmic stability + optimal-probe energy + tensorial gated finite-slope Halley; no Newton/Jacobian fallback path.
========================================================================================================================
case=ks(2,3), seed=788669912, terms=20, Bezout=9
roots=8/8 success=True trials=73 duplicates=64 failures=1
seconds: generation=0.01, extract=0.31, total=0.32
best_root: residual=1.971e-15, trial=7, Lambda=1048576.0, theta=94.0, startopt_ratio=0.19511198822190753
out=/Users/ivanbesevic/Documents/poussiere/benchmarks/201_vs_300/300_ks2x3_seed1.json
",True,0.32286787033081055,73,8,0.37926816940307617
1.9439356701142831,14,7.341622206390774e-13,9,"2,3",3,100,201,0.38248395919799805,1,3,/Users/ivanbesevic/Documents/poussiere/benchmarks/201_vs_300/201_ks2x3_seed2.json,2,8,0,2,,"========================================================================================================================
201 autonomous LOG-STABLE OPTIMAL-PROBE TENSOR-HALLEY NumPy Pandrosion
No dependency on previous Python scripts; 118/120/200 backbone + logarithmic stability + optimal-probe energy + tensorial gated finite-slope Halley; no Newton/Jacobian fallback path.
========================================================================================================================
case=ks(2,3), seed=2049645671, terms=20, Bezout=9
roots=8/8 success=True trials=109 duplicates=100 failures=1
seconds: generation=0.01, extract=0.38, total=0.39
best_root: residual=7.342e-13, trial=2, Lambda=1048576.0, theta=164.0, startopt_ratio=0.0006141259277133882
out=/Users/ivanbesevic/Documents/poussiere/benchmarks/201_vs_300/201_ks2x3_seed2.json
",True,0.39114904403686523,109,8,0.44793105125427246
1.9438832575001577,14,9.406413341297258e-09,9,"2,3",3,82,300,0.43366074562072754,1,3,/Users/ivanbesevic/Documents/poussiere/benchmarks/201_vs_300/300_ks2x3_seed2.json,2,8,0,2,,"========================================================================================================================
300 autonomous ATLAS-GEODESIC INVERSE-JET NumPy Pandrosion
No dependency on previous Python scripts; 118/120/200 backbone + logarithmic stability + optimal-probe energy + tensorial gated finite-slope Halley; no Newton/Jacobian fallback path.
========================================================================================================================
case=ks(2,3), seed=2049645671, terms=20, Bezout=9
roots=8/8 success=True trials=91 duplicates=82 failures=1
seconds: generation=0.01, extract=0.43, total=0.44
best_root: residual=9.406e-09, trial=2, Lambda=1048576.0, theta=164.0, startopt_ratio=0.0006141259277133882
out=/Users/ivanbesevic/Documents/poussiere/benchmarks/201_vs_300/300_ks2x3_seed2.json
",True,0.44230079650878906,91,8,0.4994380474090576
3.864273950985106,21,1.1407897314845628e-10,16,"2,4",4,12,201,0.1421058177947998,4,5,/Users/ivanbesevic/Documents/poussiere/benchmarks/201_vs_300/201_ks2x4_seed0.json,2,8,0,0,,"========================================================================================================================
201 autonomous LOG-STABLE OPTIMAL-PROBE TENSOR-HALLEY NumPy Pandrosion
No dependency on previous Python scripts; 118/120/200 backbone + logarithmic stability + optimal-probe energy + tensorial gated finite-slope Halley; no Newton/Jacobian fallback path.
========================================================================================================================
case=ks(2,4), seed=1677141180, terms=30, Bezout=16
roots=8/8 success=True trials=24 duplicates=12 failures=4
seconds: generation=0.01, extract=0.14, total=0.15
best_root: residual=1.141e-10, trial=3, Lambda=254889.2935729664, theta=100.0, startopt_ratio=0.00020735314449215608
out=/Users/ivanbesevic/Documents/poussiere/benchmarks/201_vs_300/201_ks2x4_seed0.json
",True,0.15079283714294434,24,8,0.20496201515197754
3.8643861856940354,22,1.9535982282225246e-14,16,"2,4",4,26,300,0.23610901832580566,5,5,/Users/ivanbesevic/Documents/poussiere/benchmarks/201_vs_300/300_ks2x4_seed0.json,2,8,0,0,,"========================================================================================================================
300 autonomous ATLAS-GEODESIC INVERSE-JET NumPy Pandrosion
No dependency on previous Python scripts; 118/120/200 backbone + logarithmic stability + optimal-probe energy + tensorial gated finite-slope Halley; no Newton/Jacobian fallback path.
========================================================================================================================
case=ks(2,4), seed=1677141180, terms=30, Bezout=16
roots=8/8 success=True trials=39 duplicates=26 failures=5
seconds: generation=0.01, extract=0.24, total=0.24
best_root: residual=1.954e-14, trial=3, Lambda=254889.2935729664, theta=100.0, startopt_ratio=0.00020735314449215608
out=/Users/ivanbesevic/Documents/poussiere/benchmarks/201_vs_300/300_ks2x4_seed0.json
",True,0.24458694458007812,39,8,0.3003871440887451
1.9091354782595358,22,1.7021327596576786e-09,16,"2,4",4,13,201,0.12507390975952148,0,3,/Users/ivanbesevic/Documents/poussiere/benchmarks/201_vs_300/201_ks2x4_seed1.json,2,8,0,1,,"========================================================================================================================
201 autonomous LOG-STABLE OPTIMAL-PROBE TENSOR-HALLEY NumPy Pandrosion
No dependency on previous Python scripts; 118/120/200 backbone + logarithmic stability + optimal-probe energy + tensorial gated finite-slope Halley; no Newton/Jacobian fallback path.
========================================================================================================================
case=ks(2,4), seed=2020015459, terms=30, Bezout=16
roots=8/8 success=True trials=21 duplicates=13 failures=0
seconds: generation=0.01, extract=0.13, total=0.13
best_root: residual=1.702e-09, trial=3, Lambda=485774.45301638846, theta=128.0, startopt_ratio=0.0002073605549306366
out=/Users/ivanbesevic/Documents/poussiere/benchmarks/201_vs_300/201_ks2x4_seed1.json
",True,0.13349390029907227,21,8,0.18782496452331543
3.937996452454788,8,8.897222533292052e-12,16,"2,4",4,17,300,0.19659900665283203,2,3,/Users/ivanbesevic/Documents/poussiere/benchmarks/201_vs_300/300_ks2x4_seed1.json,2,8,0,1,,"========================================================================================================================
300 autonomous ATLAS-GEODESIC INVERSE-JET NumPy Pandrosion
No dependency on previous Python scripts; 118/120/200 backbone + logarithmic stability + optimal-probe energy + tensorial gated finite-slope Halley; no Newton/Jacobian fallback path.
========================================================================================================================
case=ks(2,4), seed=2020015459, terms=30, Bezout=16
roots=8/8 success=True trials=27 duplicates=17 failures=2
seconds: generation=0.01, extract=0.20, total=0.20
best_root: residual=8.897e-12, trial=26, Lambda=177.68990712979792, theta=116.00000000000001, startopt_ratio=1.8385746802976782e-06
out=/Users/ivanbesevic/Documents/poussiere/benchmarks/201_vs_300/300_ks2x4_seed1.json
",True,0.204880952835083,27,8,0.25977492332458496
2.8953106338469508,18,1.539268627660321e-12,16,"2,4",4,6,201,0.11064696311950684,4,5,/Users/ivanbesevic/Documents/poussiere/benchmarks/201_vs_300/201_ks2x4_seed2.json,2,8,0,2,,"========================================================================================================================
201 autonomous LOG-STABLE OPTIMAL-PROBE TENSOR-HALLEY NumPy Pandrosion
No dependency on previous Python scripts; 118/120/200 backbone + logarithmic stability + optimal-probe energy + tensorial gated finite-slope Halley; no Newton/Jacobian fallback path.
========================================================================================================================
case=ks(2,4), seed=1191724032, terms=30, Bezout=16
roots=8/8 success=True trials=18 duplicates=6 failures=4
seconds: generation=0.01, extract=0.11, total=0.12
best_root: residual=1.539e-12, trial=11, Lambda=84244.94719846791, theta=140.0, startopt_ratio=2.0767796197239146e-06
out=/Users/ivanbesevic/Documents/poussiere/benchmarks/201_vs_300/201_ks2x4_seed2.json
",True,0.11936092376708984,18,8,0.17411422729492188
6.9246949464347,13,8.956988729424787e-14,16,"2,4",4,7,300,0.16095495223999023,5,4,/Users/ivanbesevic/Documents/poussiere/benchmarks/201_vs_300/300_ks2x4_seed2.json,2,8,0,2,,"========================================================================================================================
300 autonomous ATLAS-GEODESIC INVERSE-JET NumPy Pandrosion
No dependency on previous Python scripts; 118/120/200 backbone + logarithmic stability + optimal-probe energy + tensorial gated finite-slope Halley; no Newton/Jacobian fallback path.
========================================================================================================================
case=ks(2,4), seed=1191724032, terms=30, Bezout=16
roots=8/8 success=True trials=20 duplicates=7 failures=5
seconds: generation=0.01, extract=0.16, total=0.17
best_root: residual=8.957e-14, trial=19, Lambda=1355.2558330861257, theta=40.0, startopt_ratio=9.120510851896921e-06
out=/Users/ivanbesevic/Documents/poussiere/benchmarks/201_vs_300/300_ks2x4_seed2.json
",True,0.16962480545043945,20,8,0.22437024116516113
6.308750853479804,8,3.2046814053578004e-13,8,"3,2",2,26,201,0.12023186683654785,9,3,/Users/ivanbesevic/Documents/poussiere/benchmarks/201_vs_300/201_ks3x2_seed0.json,3,8,0,0,,"========================================================================================================================
201 autonomous LOG-STABLE OPTIMAL-PROBE TENSOR-HALLEY NumPy Pandrosion
No dependency on previous Python scripts; 118/120/200 backbone + logarithmic stability + optimal-probe energy + tensorial gated finite-slope Halley; no Newton/Jacobian fallback path.
========================================================================================================================
case=ks(3,2), seed=853857574, terms=30, Bezout=8
roots=8/8 success=True trials=43 duplicates=26 failures=9
seconds: generation=0.01, extract=0.12, total=0.13
best_root: residual=3.205e-13, trial=17, Lambda=232.745370890164, theta=48.00000000000001, startopt_ratio=0.00175436618655238
out=/Users/ivanbesevic/Documents/poussiere/benchmarks/201_vs_300/201_ks3x2_seed0.json
",True,0.12922167778015137,43,8,0.18426227569580078
6.308776219674993,8,5.055646058455987e-10,8,"3,2",2,26,300,0.15652823448181152,9,3,/Users/ivanbesevic/Documents/poussiere/benchmarks/201_vs_300/300_ks3x2_seed0.json,3,8,0,0,,"========================================================================================================================
300 autonomous ATLAS-GEODESIC INVERSE-JET NumPy Pandrosion
No dependency on previous Python scripts; 118/120/200 backbone + logarithmic stability + optimal-probe energy + tensorial gated finite-slope Halley; no Newton/Jacobian fallback path.
========================================================================================================================
case=ks(3,2), seed=853857574, terms=30, Bezout=8
roots=8/8 success=True trials=43 duplicates=26 failures=9
seconds: generation=0.01, extract=0.16, total=0.17
best_root: residual=5.056e-10, trial=17, Lambda=232.745370890164, theta=48.00000000000001, startopt_ratio=0.00175436618655238
out=/Users/ivanbesevic/Documents/poussiere/benchmarks/201_vs_300/300_ks3x2_seed0.json
",True,0.16547608375549316,43,8,0.22157025337219238
6.198578630985469,7,1.397749018474093e-09,8,"3,2",2,68,201,0.23748493194580078,11,3,/Users/ivanbesevic/Documents/poussiere/benchmarks/201_vs_300/201_ks3x2_seed1.json,3,8,0,1,,"========================================================================================================================
201 autonomous LOG-STABLE OPTIMAL-PROBE TENSOR-HALLEY NumPy Pandrosion
No dependency on previous Python scripts; 118/120/200 backbone + logarithmic stability + optimal-probe energy + tensorial gated finite-slope Halley; no Newton/Jacobian fallback path.
========================================================================================================================
case=ks(3,2), seed=2094235828, terms=30, Bezout=8
roots=8/8 success=True trials=87 duplicates=68 failures=11
seconds: generation=0.01, extract=0.24, total=0.25
best_root: residual=1.398e-09, trial=86, Lambda=5305.676707739599, theta=86.0, startopt_ratio=0.0012262178510636882
out=/Users/ivanbesevic/Documents/poussiere/benchmarks/201_vs_300/201_ks3x2_seed1.json
",True,0.24584007263183594,87,8,0.30145692825317383
6.1987501247227055,9,1.165952178354547e-11,8,"3,2",2,51,300,0.25477123260498047,10,3,/Users/ivanbesevic/Documents/poussiere/benchmarks/201_vs_300/300_ks3x2_seed1.json,3,8,0,1,,"========================================================================================================================
300 autonomous ATLAS-GEODESIC INVERSE-JET NumPy Pandrosion
No dependency on previous Python scripts; 118/120/200 backbone + logarithmic stability + optimal-probe energy + tensorial gated finite-slope Halley; no Newton/Jacobian fallback path.
========================================================================================================================
case=ks(3,2), seed=2094235828, terms=30, Bezout=8
roots=8/8 success=True trials=69 duplicates=51 failures=10
seconds: generation=0.01, extract=0.25, total=0.26
best_root: residual=1.166e-11, trial=68, Lambda=34.880885844831596, theta=116.00000000000001, startopt_ratio=0.0019933174075658948
out=/Users/ivanbesevic/Documents/poussiere/benchmarks/201_vs_300/300_ks3x2_seed1.json
",True,0.26304197311401367,69,8,0.3190598487854004
4.069274523506163,10,2.24074837745249e-14,8,"3,2",2,83,201,0.26040005683898926,14,3,/Users/ivanbesevic/Documents/poussiere/benchmarks/201_vs_300/201_ks3x2_seed2.json,3,8,0,2,,"========================================================================================================================
201 autonomous LOG-STABLE OPTIMAL-PROBE TENSOR-HALLEY NumPy Pandrosion
No dependency on previous Python scripts; 118/120/200 backbone + logarithmic stability + optimal-probe energy + tensorial gated finite-slope Halley; no Newton/Jacobian fallback path.
========================================================================================================================
case=ks(3,2), seed=342645357, terms=30, Bezout=8
roots=8/8 success=True trials=105 duplicates=83 failures=14
seconds: generation=0.01, extract=0.26, total=0.27
best_root: residual=2.241e-14, trial=8, Lambda=254037.34305530033, theta=24.000000000000004, startopt_ratio=0.0013010525353467086
out=/Users/ivanbesevic/Documents/poussiere/benchmarks/201_vs_300/201_ks3x2_seed2.json
",True,0.26914191246032715,105,8,0.32648706436157227
4.069275700295147,11,1.3676487714281337e-15,8,"3,2",2,42,300,0.2176971435546875,14,5,/Users/ivanbesevic/Documents/poussiere/benchmarks/201_vs_300/300_ks3x2_seed2.json,3,8,0,2,,"========================================================================================================================
300 autonomous ATLAS-GEODESIC INVERSE-JET NumPy Pandrosion
No dependency on previous Python scripts; 118/120/200 backbone + logarithmic stability + optimal-probe energy + tensorial gated finite-slope Halley; no Newton/Jacobian fallback path.
========================================================================================================================
case=ks(3,2), seed=342645357, terms=30, Bezout=8
roots=8/8 success=True trials=64 duplicates=42 failures=14
seconds: generation=0.01, extract=0.22, total=0.23
best_root: residual=1.368e-15, trial=8, Lambda=149785.6822172662, theta=6.000000000000001, startopt_ratio=0.0013177697830579975
out=/Users/ivanbesevic/Documents/poussiere/benchmarks/201_vs_300/300_ks3x2_seed2.json
",True,0.22623300552368164,64,8,0.28296971321105957
9.25288900473534,18,7.778699319772877e-09,27,"3,3",3,9,201,0.0719459056854248,0,4,/Users/ivanbesevic/Documents/poussiere/benchmarks/201_vs_300/201_ks3x3_seed0.json,3,8,0,0,,"========================================================================================================================
201 autonomous LOG-STABLE OPTIMAL-PROBE TENSOR-HALLEY NumPy Pandrosion
No dependency on previous Python scripts; 118/120/200 backbone + logarithmic stability + optimal-probe energy + tensorial gated finite-slope Halley; no Newton/Jacobian fallback path.
========================================================================================================================
case=ks(3,3), seed=612744585, terms=60, Bezout=27
roots=8/8 success=True trials=17 duplicates=9 failures=0
seconds: generation=0.01, extract=0.07, total=0.08
best_root: residual=7.779e-09, trial=2, Lambda=1048576.0, theta=164.0, startopt_ratio=0.0006141256227449194
out=/Users/ivanbesevic/Documents/poussiere/benchmarks/201_vs_300/201_ks3x3_seed0.json
",True,0.0812380313873291,17,8,0.1361408233642578
9.253897165528773,19,1.8272602328538098e-11,27,"3,3",3,9,300,0.10076284408569336,0,5,/Users/ivanbesevic/Documents/poussiere/benchmarks/201_vs_300/300_ks3x3_seed0.json,3,8,0,0,,"========================================================================================================================
300 autonomous ATLAS-GEODESIC INVERSE-JET NumPy Pandrosion
No dependency on previous Python scripts; 118/120/200 backbone + logarithmic stability + optimal-probe energy + tensorial gated finite-slope Halley; no Newton/Jacobian fallback path.
========================================================================================================================
case=ks(3,3), seed=612744585, terms=60, Bezout=27
roots=8/8 success=True trials=17 duplicates=9 failures=0
seconds: generation=0.01, extract=0.10, total=0.11
best_root: residual=1.827e-11, trial=2, Lambda=1048576.0, theta=164.0, startopt_ratio=0.0006141256227449194
out=/Users/ivanbesevic/Documents/poussiere/benchmarks/201_vs_300/300_ks3x3_seed0.json
",True,0.1096198558807373,17,8,0.1641831398010254
2.766548216400479,20,8.074787947522357e-12,27,"3,3",3,9,201,0.0765218734741211,0,5,/Users/ivanbesevic/Documents/poussiere/benchmarks/201_vs_300/201_ks3x3_seed1.json,3,8,0,1,,"========================================================================================================================
201 autonomous LOG-STABLE OPTIMAL-PROBE TENSOR-HALLEY NumPy Pandrosion
No dependency on previous Python scripts; 118/120/200 backbone + logarithmic stability + optimal-probe energy + tensorial gated finite-slope Halley; no Newton/Jacobian fallback path.
========================================================================================================================
case=ks(3,3), seed=1944581561, terms=60, Bezout=27
roots=8/8 success=True trials=17 duplicates=9 failures=0
seconds: generation=0.01, extract=0.08, total=0.09
best_root: residual=8.075e-12, trial=6, Lambda=1048576.0, theta=116.00000000000001, startopt_ratio=0.06400006535582431
out=/Users/ivanbesevic/Documents/poussiere/benchmarks/201_vs_300/201_ks3x3_seed1.json
",True,0.08551573753356934,17,8,0.13972687721252441
2.8975009307248065,15,3.021079996277203e-11,27,"3,3",3,9,300,0.09380197525024414,0,4,/Users/ivanbesevic/Documents/poussiere/benchmarks/201_vs_300/300_ks3x3_seed1.json,3,8,0,1,,"========================================================================================================================
300 autonomous ATLAS-GEODESIC INVERSE-JET NumPy Pandrosion
No dependency on previous Python scripts; 118/120/200 backbone + logarithmic stability + optimal-probe energy + tensorial gated finite-slope Halley; no Newton/Jacobian fallback path.
========================================================================================================================
case=ks(3,3), seed=1944581561, terms=60, Bezout=27
roots=8/8 success=True trials=17 duplicates=9 failures=0
seconds: generation=0.01, extract=0.09, total=0.10
best_root: residual=3.021e-11, trial=11, Lambda=542401.1946679661, theta=86.0, startopt_ratio=4.438515949658916e-05
out=/Users/ivanbesevic/Documents/poussiere/benchmarks/201_vs_300/300_ks3x3_seed1.json
",True,0.10276603698730469,17,8,0.15941286087036133
3.542304881688865,17,1.7242653622651692e-11,27,"3,3",3,9,201,0.07633829116821289,0,3,/Users/ivanbesevic/Documents/poussiere/benchmarks/201_vs_300/201_ks3x3_seed2.json,3,8,0,2,,"========================================================================================================================
201 autonomous LOG-STABLE OPTIMAL-PROBE TENSOR-HALLEY NumPy Pandrosion
No dependency on previous Python scripts; 118/120/200 backbone + logarithmic stability + optimal-probe energy + tensorial gated finite-slope Halley; no Newton/Jacobian fallback path.
========================================================================================================================
case=ks(3,3), seed=1273453173, terms=60, Bezout=27
roots=8/8 success=True trials=17 duplicates=9 failures=0
seconds: generation=0.01, extract=0.08, total=0.09
best_root: residual=1.724e-11, trial=9, Lambda=1048576.0, theta=90.0, startopt_ratio=4.287512171627553e-05
out=/Users/ivanbesevic/Documents/poussiere/benchmarks/201_vs_300/201_ks3x3_seed2.json
",True,0.08502912521362305,17,8,0.13977789878845215
3.5423228597051075,18,6.098715394079646e-15,27,"3,3",3,9,300,0.10297703742980957,0,4,/Users/ivanbesevic/Documents/poussiere/benchmarks/201_vs_300/300_ks3x3_seed2.json,3,8,0,2,,"========================================================================================================================
300 autonomous ATLAS-GEODESIC INVERSE-JET NumPy Pandrosion
No dependency on previous Python scripts; 118/120/200 backbone + logarithmic stability + optimal-probe energy + tensorial gated finite-slope Halley; no Newton/Jacobian fallback path.
========================================================================================================================
case=ks(3,3), seed=1273453173, terms=60, Bezout=27
roots=8/8 success=True trials=17 duplicates=9 failures=0
seconds: generation=0.01, extract=0.10, total=0.11
best_root: residual=6.099e-15, trial=9, Lambda=1048576.0, theta=90.0, startopt_ratio=4.287512171627553e-05
out=/Users/ivanbesevic/Documents/poussiere/benchmarks/201_vs_300/300_ks3x3_seed2.json
",True,0.11202621459960938,17,8,0.16682910919189453
